row_id,institution,kind,item,source_url,evidence_quote,why_flagged
r001,ECOLE NATIONALE,contact,Emmanuel SIMANTOV,https://ecoledesponts.fr/international/contacts,Emmanuel SIMANTOV <emmanuel.simantov@enpc.fr> ... Coordinateur Erasmus+,cited page was not read by the fetcher (cannot check)
r001,ECOLE NATIONALE,contact,Marie-Christine BERT,https://ecoledesponts.fr/entreprises/contacts,Marie-Christine BERT <marie-christine.bert@enpc.fr> ... Directrice des Relations Internationales et des Partenariats Entreprises,cited page was not read by the fetcher (cannot check)
r001,ECOLE NATIONALE,contact,Thibaut SKRZYPEK,https://ecoledesponts.fr/international/contacts,Thibaut SKRZYPEK <thibaut.skrzypek@enpc.fr> ... Responsable Coopération Internationale,cited page was not read by the fetcher (cannot check)
r001,ECOLE NATIONALE,partner,Université Paris-Est Créteil,https://ecoledesponts.fr/en/academics/masters/transport-mobility-networks-program,Co-accreditation with Université Paris-Est Créteil and Université Gustave Eiffel,cited page was not read by the fetcher (cannot check)
r001,ECOLE NATIONALE,partner,Université Gustave Eiffel,https://ecoledesponts.fr/en/academics/masters/transport-mobility-networks-program,Co-accreditation with Université Paris-Est Créteil and Université Gustave Eiffel,cited page was not read by the fetcher (cannot check)
r001,ECOLE NATIONALE,partner,École des Ponts Business School,https://ecoledesponts.fr/lecole/vie-de-campus,Signature d'un accord entre l'École des Ponts Business School et de la Graduate School of Technology Management,cited page was not read by the fetcher (cannot check)
r001,ECOLE NATIONALE,partner,Graduate School of Technology Management,https://ecoledesponts.fr/lecole/vie-de-campus,Signature d'un accord entre l'École des Ponts Business School et de la Graduate School of Technology Management,cited page was not read by the fetcher (cannot check)
r001,ECOLE NATIONALE,partner,Institut Polytechnique de Paris,https://ecoledesponts.fr,Bienvenue sur l'Institut Polytechnique de Paris,cited page was not read by the fetcher (cannot check)
r001,ECOLE NATIONALE,partner,Eiffage,https://ecoledesponts.fr,Eiffage parraine la promotion 2029,cited page was not read by the fetcher (cannot check)
r001,ECOLE NATIONALE,partner,ABERTIS,https://ecoledesponts.fr/entreprises/decouvrez-nos-partenaires,ABERTIS / AIR FRANCE / ALSTOM / BOMBARDIER / GETLINK / GROUPE ADP / GROUPE SNCF / HITACHI RAIL STS FRANCE / ILE DE FRANCE MOBILITES / KEOLIS / RATP / RENAULT / TRANSDEV |,cited page was not read by the fetcher (cannot check)
r001,ECOLE NATIONALE,partner,AIR FRANCE,https://ecoledesponts.fr/entreprises/decouvrez-nos-partenaires,ABERTIS / AIR FRANCE / ALSTOM / BOMBARDIER / GETLINK / GROUPE ADP / GROUPE SNCF / HITACHI RAIL STS FRANCE / ILE DE FRANCE MOBILITES / KEOLIS / RATP / RENAULT / TRANSDEV |,cited page was not read by the fetcher (cannot check)
r001,ECOLE NATIONALE,partner,ALSTOM,https://ecoledesponts.fr/entreprises/decouvrez-nos-partenaires,ABERTIS / AIR FRANCE / ALSTOM / BOMBARDIER / GETLINK / GROUPE ADP / GROUPE SNCF / HITACHI RAIL STS FRANCE / ILE DE FRANCE MOBILITES / KEOLIS / RATP / RENAULT / TRANSDEV |,cited page was not read by the fetcher (cannot check)
r001,ECOLE NATIONALE,partner,BOMBARDIER,https://ecoledesponts.fr/entreprises/decouvrez-nos-partenaires,ABERTIS / AIR FRANCE / ALSTOM / BOMBARDIER / GETLINK / GROUPE ADP / GROUPE SNCF / HITACHI RAIL STS FRANCE / ILE DE FRANCE MOBILITES / KEOLIS / RATP / RENAULT / TRANSDEV |,cited page was not read by the fetcher (cannot check)
r001,ECOLE NATIONALE,partner,GETLINK,https://ecoledesponts.fr/entreprises/decouvrez-nos-partenaires,ABERTIS / AIR FRANCE / ALSTOM / BOMBARDIER / GETLINK / GROUPE ADP / GROUPE SNCF / HITACHI RAIL STS FRANCE / ILE DE FRANCE MOBILITES / KEOLIS / RATP / RENAULT / TRANSDEV |,cited page was not read by the fetcher (cannot check)
r001,ECOLE NATIONALE,partner,GROUPE ADP,https://ecoledesponts.fr/entreprises/decouvrez-nos-partenaires,ABERTIS / AIR FRANCE / ALSTOM / BOMBARDIER / GETLINK / GROUPE ADP / GROUPE SNCF / HITACHI RAIL STS FRANCE / ILE DE FRANCE MOBILITES / KEOLIS / RATP / RENAULT / TRANSDEV |,cited page was not read by the fetcher (cannot check)
r001,ECOLE NATIONALE,partner,GROUPE SNCF,https://ecoledesponts.fr/entreprises/decouvrez-nos-partenaires,ABERTIS / AIR FRANCE / ALSTOM / BOMBARDIER / GETLINK / GROUPE ADP / GROUPE SNCF / HITACHI RAIL STS FRANCE / ILE DE FRANCE MOBILITES / KEOLIS / RATP / RENAULT / TRANSDEV |,cited page was not read by the fetcher (cannot check)
r001,ECOLE NATIONALE,partner,HITACHI RAIL STS FRANCE,https://ecoledesponts.fr/entreprises/decouvrez-nos-partenaires,ABERTIS / AIR FRANCE / ALSTOM / BOMBARDIER / GETLINK / GROUPE ADP / GROUPE SNCF / HITACHI RAIL STS FRANCE / ILE DE FRANCE MOBILITES / KEOLIS / RATP / RENAULT / TRANSDEV |,cited page was not read by the fetcher (cannot check)
r001,ECOLE NATIONALE,partner,ILE DE FRANCE MOBILITES,https://ecoledesponts.fr/entreprises/decouvrez-nos-partenaires,ABERTIS / AIR FRANCE / ALSTOM / BOMBARDIER / GETLINK / GROUPE ADP / GROUPE SNCF / HITACHI RAIL STS FRANCE / ILE DE FRANCE MOBILITES / KEOLIS / RATP / RENAULT / TRANSDEV |,cited page was not read by the fetcher (cannot check)
r001,ECOLE NATIONALE,partner,KEOLIS,https://ecoledesponts.fr/entreprises/decouvrez-nos-partenaires,ABERTIS / AIR FRANCE / ALSTOM / BOMBARDIER / GETLINK / GROUPE ADP / GROUPE SNCF / HITACHI RAIL STS FRANCE / ILE DE FRANCE MOBILITES / KEOLIS / RATP / RENAULT / TRANSDEV |,cited page was not read by the fetcher (cannot check)
r001,ECOLE NATIONALE,partner,RATP,https://ecoledesponts.fr/entreprises/decouvrez-nos-partenaires,ABERTIS / AIR FRANCE / ALSTOM / BOMBARDIER / GETLINK / GROUPE ADP / GROUPE SNCF / HITACHI RAIL STS FRANCE / ILE DE FRANCE MOBILITES / KEOLIS / RATP / RENAULT / TRANSDEV |,cited page was not read by the fetcher (cannot check)
r001,ECOLE NATIONALE,partner,RENAULT,https://ecoledesponts.fr/entreprises/decouvrez-nos-partenaires,ABERTIS / AIR FRANCE / ALSTOM / BOMBARDIER / GETLINK / GROUPE ADP / GROUPE SNCF / HITACHI RAIL STS FRANCE / ILE DE FRANCE MOBILITES / KEOLIS / RATP / RENAULT / TRANSDEV |,cited page was not read by the fetcher (cannot check)
r001,ECOLE NATIONALE,partner,TRANSDEV,https://ecoledesponts.fr/entreprises/decouvrez-nos-partenaires,ABERTIS / AIR FRANCE / ALSTOM / BOMBARDIER / GETLINK / GROUPE ADP / GROUPE SNCF / HITACHI RAIL STS FRANCE / ILE DE FRANCE MOBILITES / KEOLIS / RATP / RENAULT / TRANSDEV |,cited page was not read by the fetcher (cannot check)
r001,ECOLE NATIONALE,partner,BOUYGUES IMMOBILIER,https://ecoledesponts.fr/entreprises/decouvrez-nos-partenaires,BOUYGUES IMMOBILIER / CREDIT AGRICOLE IMMOBILIER / POSTE IMMO / RIVP |,cited page was not read by the fetcher (cannot check)
r001,ECOLE NATIONALE,partner,CREDIT AGRICOLE IMMOBILIER,https://ecoledesponts.fr/entreprises/decouvrez-nos-partenaires,BOUYGUES IMMOBILIER / CREDIT AGRICOLE IMMOBILIER / POSTE IMMO / RIVP |,cited page was not read by the fetcher (cannot check)
r001,ECOLE NATIONALE,partner,POSTE IMMO,https://ecoledesponts.fr/entreprises/decouvrez-nos-partenaires,BOUYGUES IMMOBILIER / CREDIT AGRICOLE IMMOBILIER / POSTE IMMO / RIVP |,cited page was not read by the fetcher (cannot check)
r001,ECOLE NATIONALE,partner,RIVP,https://ecoledesponts.fr/entreprises/decouvrez-nos-partenaires,BOUYGUES IMMOBILIER / CREDIT AGRICOLE IMMOBILIER / POSTE IMMO / RIVP |,cited page was not read by the fetcher (cannot check)
r001,ECOLE NATIONALE,partner,ADEME,https://ecoledesponts.fr/entreprises/decouvrez-nos-partenaires,"ADEME / ANDRA / ANSES / CAISSE DES DEPOTS / CEA / CENTRE D'ETUDES DES TUNNELS / CEREMA / CNRS / COMPAGNIE NATIONALE DU RHONE / CSTB / EPA ORSA-ORLY RUNGIS SEINE AMONT / EPAMARNE / METROPOLE DU GRAND PARIS / METROPOLE EUROPEENNE DE LILLE / MINISTERE DE LA DEFENSE / MINISTERE DE LA TRANSITION ECOLOGIQUE / MINISTERE DE L'ENSEIGNEMENT SUPERIEUR, DE LA RECHERCHE ET DE L'INNOVATION / ONEMA / PORTS DE PARIS / REGION ILE DE FRANCE / SIAAP / SOCIETE DU GRAND PARIS / SOCIETE VILLEURBANNAISE D'URBANISME / ",cited page was not read by the fetcher (cannot check)
r001,ECOLE NATIONALE,partner,ANDRA,https://ecoledesponts.fr/entreprises/decouvrez-nos-partenaires,"ADEME / ANDRA / ANSES / CAISSE DES DEPOTS / CEA / CENTRE D'ETUDES DES TUNNELS / CEREMA / CNRS / COMPAGNIE NATIONALE DU RHONE / CSTB / EPA ORSA-ORLY RUNGIS SEINE AMONT / EPAMARNE / METROPOLE DU GRAND PARIS / METROPOLE EUROPEENNE DE LILLE / MINISTERE DE LA DEFENSE / MINISTERE DE LA TRANSITION ECOLOGIQUE / MINISTERE DE L'ENSEIGNEMENT SUPERIEUR, DE LA RECHERCHE ET DE L'INNOVATION / ONEMA / PORTS DE PARIS / REGION ILE DE FRANCE / SIAAP / SOCIETE DU GRAND PARIS / SOCIETE VILLEURBANNAISE D'URBANISME / ",cited page was not read by the fetcher (cannot check)
r001,ECOLE NATIONALE,partner,ANSES,https://ecoledesponts.fr/entreprises/decouvrez-nos-partenaires,"ADEME / ANDRA / ANSES / CAISSE DES DEPOTS / CEA / CENTRE D'ETUDES DES TUNNELS / CEREMA / CNRS / COMPAGNIE NATIONALE DU RHONE / CSTB / EPA ORSA-ORLY RUNGIS SEINE AMONT / EPAMARNE / METROPOLE DU GRAND PARIS / METROPOLE EUROPEENNE DE LILLE / MINISTERE DE LA DEFENSE / MINISTERE DE LA TRANSITION ECOLOGIQUE / MINISTERE DE L'ENSEIGNEMENT SUPERIEUR, DE LA RECHERCHE ET DE L'INNOVATION / ONEMA / PORTS DE PARIS / REGION ILE DE FRANCE / SIAAP / SOCIETE DU GRAND PARIS / SOCIETE VILLEURBANNAISE D'URBANISME / ",cited page was not read by the fetcher (cannot check)
r001,ECOLE NATIONALE,partner,CAISSE DES DEPOTS,https://ecoledesponts.fr/entreprises/decouvrez-nos-partenaires,"ADEME / ANDRA / ANSES / CAISSE DES DEPOTS / CEA / CENTRE D'ETUDES DES TUNNELS / CEREMA / CNRS / COMPAGNIE NATIONALE DU RHONE / CSTB / EPA ORSA-ORLY RUNGIS SEINE AMONT / EPAMARNE / METROPOLE DU GRAND PARIS / METROPOLE EUROPEENNE DE LILLE / MINISTERE DE LA DEFENSE / MINISTERE DE LA TRANSITION ECOLOGIQUE / MINISTERE DE L'ENSEIGNEMENT SUPERIEUR, DE LA RECHERCHE ET DE L'INNOVATION / ONEMA / PORTS DE PARIS / REGION ILE DE FRANCE / SIAAP / SOCIETE DU GRAND PARIS / SOCIETE VILLEURBANNAISE D'URBANISME / ",cited page was not read by the fetcher (cannot check)
r001,ECOLE NATIONALE,partner,CEA,https://ecoledesponts.fr/entreprises/decouvrez-nos-partenaires,"ADEME / ANDRA / ANSES / CAISSE DES DEPOTS / CEA / CENTRE D'ETUDES DES TUNNELS / CEREMA / CNRS / COMPAGNIE NATIONALE DU RHONE / CSTB / EPA ORSA-ORLY RUNGIS SEINE AMONT / EPAMARNE / METROPOLE DU GRAND PARIS / METROPOLE EUROPEENNE DE LILLE / MINISTERE DE LA DEFENSE / MINISTERE DE LA TRANSITION ECOLOGIQUE / MINISTERE DE L'ENSEIGNEMENT SUPERIEUR, DE LA RECHERCHE ET DE L'INNOVATION / ONEMA / PORTS DE PARIS / REGION ILE DE FRANCE / SIAAP / SOCIETE DU GRAND PARIS / SOCIETE VILLEURBANNAISE D'URBANISME / ",cited page was not read by the fetcher (cannot check)
r001,ECOLE NATIONALE,partner,CENTRE D'ETUDES DES TUNNELS,https://ecoledesponts.fr/entreprises/decouvrez-nos-partenaires,"ADEME / ANDRA / ANSES / CAISSE DES DEPOTS / CEA / CENTRE D'ETUDES DES TUNNELS / CEREMA / CNRS / COMPAGNIE NATIONALE DU RHONE / CSTB / EPA ORSA-ORLY RUNGIS SEINE AMONT / EPAMARNE / METROPOLE DU GRAND PARIS / METROPOLE EUROPEENNE DE LILLE / MINISTERE DE LA DEFENSE / MINISTERE DE LA TRANSITION ECOLOGIQUE / MINISTERE DE L'ENSEIGNEMENT SUPERIEUR, DE LA RECHERCHE ET DE L'INNOVATION / ONEMA / PORTS DE PARIS / REGION ILE DE FRANCE / SIAAP / SOCIETE DU GRAND PARIS / SOCIETE VILLEURBANNAISE D'URBANISME / ",cited page was not read by the fetcher (cannot check)
r001,ECOLE NATIONALE,partner,CEREMA,https://ecoledesponts.fr/entreprises/decouvrez-nos-partenaires,"ADEME / ANDRA / ANSES / CAISSE DES DEPOTS / CEA / CENTRE D'ETUDES DES TUNNELS / CEREMA / CNRS / COMPAGNIE NATIONALE DU RHONE / CSTB / EPA ORSA-ORLY RUNGIS SEINE AMONT / EPAMARNE / METROPOLE DU GRAND PARIS / METROPOLE EUROPEENNE DE LILLE / MINISTERE DE LA DEFENSE / MINISTERE DE LA TRANSITION ECOLOGIQUE / MINISTERE DE L'ENSEIGNEMENT SUPERIEUR, DE LA RECHERCHE ET DE L'INNOVATION / ONEMA / PORTS DE PARIS / REGION ILE DE FRANCE / SIAAP / SOCIETE DU GRAND PARIS / SOCIETE VILLEURBANNAISE D'URBANISME / ",cited page was not read by the fetcher (cannot check)
r001,ECOLE NATIONALE,partner,CNRS,https://ecoledesponts.fr/entreprises/decouvrez-nos-partenaires,"ADEME / ANDRA / ANSES / CAISSE DES DEPOTS / CEA / CENTRE D'ETUDES DES TUNNELS / CEREMA / CNRS / COMPAGNIE NATIONALE DU RHONE / CSTB / EPA ORSA-ORLY RUNGIS SEINE AMONT / EPAMARNE / METROPOLE DU GRAND PARIS / METROPOLE EUROPEENNE DE LILLE / MINISTERE DE LA DEFENSE / MINISTERE DE LA TRANSITION ECOLOGIQUE / MINISTERE DE L'ENSEIGNEMENT SUPERIEUR, DE LA RECHERCHE ET DE L'INNOVATION / ONEMA / PORTS DE PARIS / REGION ILE DE FRANCE / SIAAP / SOCIETE DU GRAND PARIS / SOCIETE VILLEURBANNAISE D'URBANISME / ",cited page was not read by the fetcher (cannot check)
r001,ECOLE NATIONALE,partner,COMPAGNIE NATIONALE DU RHONE,https://ecoledesponts.fr/entreprises/decouvrez-nos-partenaires,"ADEME / ANDRA / ANSES / CAISSE DES DEPOTS / CEA / CENTRE D'ETUDES DES TUNNELS / CEREMA / CNRS / COMPAGNIE NATIONALE DU RHONE / CSTB / EPA ORSA-ORLY RUNGIS SEINE AMONT / EPAMARNE / METROPOLE DU GRAND PARIS / METROPOLE EUROPEENNE DE LILLE / MINISTERE DE LA DEFENSE / MINISTERE DE LA TRANSITION ECOLOGIQUE / MINISTERE DE L'ENSEIGNEMENT SUPERIEUR, DE LA RECHERCHE ET DE L'INNOVATION / ONEMA / PORTS DE PARIS / REGION ILE DE FRANCE / SIAAP / SOCIETE DU GRAND PARIS / SOCIETE VILLEURBANNAISE D'URBANISME / ",cited page was not read by the fetcher (cannot check)
r001,ECOLE NATIONALE,partner,CSTB,https://ecoledesponts.fr/entreprises/decouvrez-nos-partenaires,"ADEME / ANDRA / ANSES / CAISSE DES DEPOTS / CEA / CENTRE D'ETUDES DES TUNNELS / CEREMA / CNRS / COMPAGNIE NATIONALE DU RHONE / CSTB / EPA ORSA-ORLY RUNGIS SEINE AMONT / EPAMARNE / METROPOLE DU GRAND PARIS / METROPOLE EUROPEENNE DE LILLE / MINISTERE DE LA DEFENSE / MINISTERE DE LA TRANSITION ECOLOGIQUE / MINISTERE DE L'ENSEIGNEMENT SUPERIEUR, DE LA RECHERCHE ET DE L'INNOVATION / ONEMA / PORTS DE PARIS / REGION ILE DE FRANCE / SIAAP / SOCIETE DU GRAND PARIS / SOCIETE VILLEURBANNAISE D'URBANISME / ",cited page was not read by the fetcher (cannot check)
r001,ECOLE NATIONALE,partner,EPA ORSA-ORLY RUNGIS SEINE AMONT,https://ecoledesponts.fr/entreprises/decouvrez-nos-partenaires,"ADEME / ANDRA / ANSES / CAISSE DES DEPOTS / CEA / CENTRE D'ETUDES DES TUNNELS / CEREMA / CNRS / COMPAGNIE NATIONALE DU RHONE / CSTB / EPA ORSA-ORLY RUNGIS SEINE AMONT / EPAMARNE / METROPOLE DU GRAND PARIS / METROPOLE EUROPEENNE DE LILLE / MINISTERE DE LA DEFENSE / MINISTERE DE LA TRANSITION ECOLOGIQUE / MINISTERE DE L'ENSEIGNEMENT SUPERIEUR, DE LA RECHERCHE ET DE L'INNOVATION / ONEMA / PORTS DE PARIS / REGION ILE DE FRANCE / SIAAP / SOCIETE DU GRAND PARIS / SOCIETE VILLEURBANNAISE D'URBANISME / ",cited page was not read by the fetcher (cannot check)
r001,ECOLE NATIONALE,partner,EPAMARNE,https://ecoledesponts.fr/entreprises/decouvrez-nos-partenaires,"ADEME / ANDRA / ANSES / CAISSE DES DEPOTS / CEA / CENTRE D'ETUDES DES TUNNELS / CEREMA / CNRS / COMPAGNIE NATIONALE DU RHONE / CSTB / EPA ORSA-ORLY RUNGIS SEINE AMONT / EPAMARNE / METROPOLE DU GRAND PARIS / METROPOLE EUROPEENNE DE LILLE / MINISTERE DE LA DEFENSE / MINISTERE DE LA TRANSITION ECOLOGIQUE / MINISTERE DE L'ENSEIGNEMENT SUPERIEUR, DE LA RECHERCHE ET DE L'INNOVATION / ONEMA / PORTS DE PARIS / REGION ILE DE FRANCE / SIAAP / SOCIETE DU GRAND PARIS / SOCIETE VILLEURBANNAISE D'URBANISME / ",cited page was not read by the fetcher (cannot check)
r001,ECOLE NATIONALE,partner,METROPOLE DU GRAND PARIS,https://ecoledesponts.fr/entreprises/decouvrez-nos-partenaires,"ADEME / ANDRA / ANSES / CAISSE DES DEPOTS / CEA / CENTRE D'ETUDES DES TUNNELS / CEREMA / CNRS / COMPAGNIE NATIONALE DU RHONE / CSTB / EPA ORSA-ORLY RUNGIS SEINE AMONT / EPAMARNE / METROPOLE DU GRAND PARIS / METROPOLE EUROPEENNE DE LILLE / MINISTERE DE LA DEFENSE / MINISTERE DE LA TRANSITION ECOLOGIQUE / MINISTERE DE L'ENSEIGNEMENT SUPERIEUR, DE LA RECHERCHE ET DE L'INNOVATION / ONEMA / PORTS DE PARIS / REGION ILE DE FRANCE / SIAAP / SOCIETE DU GRAND PARIS / SOCIETE VILLEURBANNAISE D'URBANISME / ",cited page was not read by the fetcher (cannot check)
r001,ECOLE NATIONALE,partner,METROPOLE EUROPEENNE DE LILLE,https://ecoledesponts.fr/entreprises/decouvrez-nos-partenaires,"ADEME / ANDRA / ANSES / CAISSE DES DEPOTS / CEA / CENTRE D'ETUDES DES TUNNELS / CEREMA / CNRS / COMPAGNIE NATIONALE DU RHONE / CSTB / EPA ORSA-ORLY RUNGIS SEINE AMONT / EPAMARNE / METROPOLE DU GRAND PARIS / METROPOLE EUROPEENNE DE LILLE / MINISTERE DE LA DEFENSE / MINISTERE DE LA TRANSITION ECOLOGIQUE / MINISTERE DE L'ENSEIGNEMENT SUPERIEUR, DE LA RECHERCHE ET DE L'INNOVATION / ONEMA / PORTS DE PARIS / REGION ILE DE FRANCE / SIAAP / SOCIETE DU GRAND PARIS / SOCIETE VILLEURBANNAISE D'URBANISME / ",cited page was not read by the fetcher (cannot check)
r001,ECOLE NATIONALE,partner,MINISTERE DE LA DEFENSE,https://ecoledesponts.fr/entreprises/decouvrez-nos-partenaires,"ADEME / ANDRA / ANSES / CAISSE DES DEPOTS / CEA / CENTRE D'ETUDES DES TUNNELS / CEREMA / CNRS / COMPAGNIE NATIONALE DU RHONE / CSTB / EPA ORSA-ORLY RUNGIS SEINE AMONT / EPAMARNE / METROPOLE DU GRAND PARIS / METROPOLE EUROPEENNE DE LILLE / MINISTERE DE LA DEFENSE / MINISTERE DE LA TRANSITION ECOLOGIQUE / MINISTERE DE L'ENSEIGNEMENT SUPERIEUR, DE LA RECHERCHE ET DE L'INNOVATION / ONEMA / PORTS DE PARIS / REGION ILE DE FRANCE / SIAAP / SOCIETE DU GRAND PARIS / SOCIETE VILLEURBANNAISE D'URBANISME / ",cited page was not read by the fetcher (cannot check)
r001,ECOLE NATIONALE,partner,MINISTERE DE LA TRANSITION ECOLOGIQUE,https://ecoledesponts.fr/entreprises/decouvrez-nos-partenaires,"ADEME / ANDRA / ANSES / CAISSE DES DEPOTS / CEA / CENTRE D'ETUDES DES TUNNELS / CEREMA / CNRS / COMPAGNIE NATIONALE DU RHONE / CSTB / EPA ORSA-ORLY RUNGIS SEINE AMONT / EPAMARNE / METROPOLE DU GRAND PARIS / METROPOLE EUROPEENNE DE LILLE / MINISTERE DE LA DEFENSE / MINISTERE DE LA TRANSITION ECOLOGIQUE / MINISTERE DE L'ENSEIGNEMENT SUPERIEUR, DE LA RECHERCHE ET DE L'INNOVATION / ONEMA / PORTS DE PARIS / REGION ILE DE FRANCE / SIAAP / SOCIETE DU GRAND PARIS / SOCIETE VILLEURBANNAISE D'URBANISME / ",cited page was not read by the fetcher (cannot check)
r001,ECOLE NATIONALE,partner,"MINISTERE DE L'ENSEIGNEMENT SUPERIEUR, DE LA RECHERCHE ET DE L'INNOVATION",https://ecoledesponts.fr/entreprises/decouvrez-nos-partenaires,"ADEME / ANDRA / ANSES / CAISSE DES DEPOTS / CEA / CENTRE D'ETUDES DES TUNNELS / CEREMA / CNRS / COMPAGNIE NATIONALE DU RHONE / CSTB / EPA ORSA-ORLY RUNGIS SEINE AMONT / EPAMARNE / METROPOLE DU GRAND PARIS / METROPOLE EUROPEENNE DE LILLE / MINISTERE DE LA DEFENSE / MINISTERE DE LA TRANSITION ECOLOGIQUE / MINISTERE DE L'ENSEIGNEMENT SUPERIEUR, DE LA RECHERCHE ET DE L'INNOVATION / ONEMA / PORTS DE PARIS / REGION ILE DE FRANCE / SIAAP / SOCIETE DU GRAND PARIS / SOCIETE VILLEURBANNAISE D'URBANISME / ",cited page was not read by the fetcher (cannot check)
r001,ECOLE NATIONALE,partner,ONEMA,https://ecoledesponts.fr/entreprises/decouvrez-nos-partenaires,"ADEME / ANDRA / ANSES / CAISSE DES DEPOTS / CEA / CENTRE D'ETUDES DES TUNNELS / CEREMA / CNRS / COMPAGNIE NATIONALE DU RHONE / CSTB / EPA ORSA-ORLY RUNGIS SEINE AMONT / EPAMARNE / METROPOLE DU GRAND PARIS / METROPOLE EUROPEENNE DE LILLE / MINISTERE DE LA DEFENSE / MINISTERE DE LA TRANSITION ECOLOGIQUE / MINISTERE DE L'ENSEIGNEMENT SUPERIEUR, DE LA RECHERCHE ET DE L'INNOVATION / ONEMA / PORTS DE PARIS / REGION ILE DE FRANCE / SIAAP / SOCIETE DU GRAND PARIS / SOCIETE VILLEURBANNAISE D'URBANISME / ",cited page was not read by the fetcher (cannot check)
r001,ECOLE NATIONALE,partner,PORTS DE PARIS,https://ecoledesponts.fr/entreprises/decouvrez-nos-partenaires,"ADEME / ANDRA / ANSES / CAISSE DES DEPOTS / CEA / CENTRE D'ETUDES DES TUNNELS / CEREMA / CNRS / COMPAGNIE NATIONALE DU RHONE / CSTB / EPA ORSA-ORLY RUNGIS SEINE AMONT / EPAMARNE / METROPOLE DU GRAND PARIS / METROPOLE EUROPEENNE DE LILLE / MINISTERE DE LA DEFENSE / MINISTERE DE LA TRANSITION ECOLOGIQUE / MINISTERE DE L'ENSEIGNEMENT SUPERIEUR, DE LA RECHERCHE ET DE L'INNOVATION / ONEMA / PORTS DE PARIS / REGION ILE DE FRANCE / SIAAP / SOCIETE DU GRAND PARIS / SOCIETE VILLEURBANNAISE D'URBANISME / ",cited page was not read by the fetcher (cannot check)
r001,ECOLE NATIONALE,partner,REGION ILE DE FRANCE,https://ecoledesponts.fr/entreprises/decouvrez-nos-partenaires,"ADEME / ANDRA / ANSES / CAISSE DES DEPOTS / CEA / CENTRE D'ETUDES DES TUNNELS / CEREMA / CNRS / COMPAGNIE NATIONALE DU RHONE / CSTB / EPA ORSA-ORLY RUNGIS SEINE AMONT / EPAMARNE / METROPOLE DU GRAND PARIS / METROPOLE EUROPEENNE DE LILLE / MINISTERE DE LA DEFENSE / MINISTERE DE LA TRANSITION ECOLOGIQUE / MINISTERE DE L'ENSEIGNEMENT SUPERIEUR, DE LA RECHERCHE ET DE L'INNOVATION / ONEMA / PORTS DE PARIS / REGION ILE DE FRANCE / SIAAP / SOCIETE DU GRAND PARIS / SOCIETE VILLEURBANNAISE D'URBANISME / ",cited page was not read by the fetcher (cannot check)
r001,ECOLE NATIONALE,partner,SIAAP,https://ecoledesponts.fr/entreprises/decouvrez-nos-partenaires,"ADEME / ANDRA / ANSES / CAISSE DES DEPOTS / CEA / CENTRE D'ETUDES DES TUNNELS / CEREMA / CNRS / COMPAGNIE NATIONALE DU RHONE / CSTB / EPA ORSA-ORLY RUNGIS SEINE AMONT / EPAMARNE / METROPOLE DU GRAND PARIS / METROPOLE EUROPEENNE DE LILLE / MINISTERE DE LA DEFENSE / MINISTERE DE LA TRANSITION ECOLOGIQUE / MINISTERE DE L'ENSEIGNEMENT SUPERIEUR, DE LA RECHERCHE ET DE L'INNOVATION / ONEMA / PORTS DE PARIS / REGION ILE DE FRANCE / SIAAP / SOCIETE DU GRAND PARIS / SOCIETE VILLEURBANNAISE D'URBANISME / ",cited page was not read by the fetcher (cannot check)
r001,ECOLE NATIONALE,partner,SOCIETE DU GRAND PARIS,https://ecoledesponts.fr/entreprises/decouvrez-nos-partenaires,"ADEME / ANDRA / ANSES / CAISSE DES DEPOTS / CEA / CENTRE D'ETUDES DES TUNNELS / CEREMA / CNRS / COMPAGNIE NATIONALE DU RHONE / CSTB / EPA ORSA-ORLY RUNGIS SEINE AMONT / EPAMARNE / METROPOLE DU GRAND PARIS / METROPOLE EUROPEENNE DE LILLE / MINISTERE DE LA DEFENSE / MINISTERE DE LA TRANSITION ECOLOGIQUE / MINISTERE DE L'ENSEIGNEMENT SUPERIEUR, DE LA RECHERCHE ET DE L'INNOVATION / ONEMA / PORTS DE PARIS / REGION ILE DE FRANCE / SIAAP / SOCIETE DU GRAND PARIS / SOCIETE VILLEURBANNAISE D'URBANISME / ",cited page was not read by the fetcher (cannot check)
r001,ECOLE NATIONALE,partner,SOCIETE VILLEURBANNAISE D'URBANISME,https://ecoledesponts.fr/entreprises/decouvrez-nos-partenaires,"ADEME / ANDRA / ANSES / CAISSE DES DEPOTS / CEA / CENTRE D'ETUDES DES TUNNELS / CEREMA / CNRS / COMPAGNIE NATIONALE DU RHONE / CSTB / EPA ORSA-ORLY RUNGIS SEINE AMONT / EPAMARNE / METROPOLE DU GRAND PARIS / METROPOLE EUROPEENNE DE LILLE / MINISTERE DE LA DEFENSE / MINISTERE DE LA TRANSITION ECOLOGIQUE / MINISTERE DE L'ENSEIGNEMENT SUPERIEUR, DE LA RECHERCHE ET DE L'INNOVATION / ONEMA / PORTS DE PARIS / REGION ILE DE FRANCE / SIAAP / SOCIETE DU GRAND PARIS / SOCIETE VILLEURBANNAISE D'URBANISME / ",cited page was not read by the fetcher (cannot check)
r001,ECOLE NATIONALE,partner,BOUYGUES CONSTRUCTION,https://ecoledesponts.fr/entreprises/decouvrez-nos-partenaires,BOUYGUES CONSTRUCTION / BTP CONSULTANTS / COLAS / CONSOLIS / EIFFAGE / EUROVIA / FAYAT / MECATER / RAZEL-BEC / SOPREMA SAS / SPIE BATIGNOLLES / VINCI / XTREE / VIRY FAYAT |,cited page was not read by the fetcher (cannot check)
r001,ECOLE NATIONALE,partner,BTP CONSULTANTS,https://ecoledesponts.fr/entreprises/decouvrez-nos-partenaires,BOUYGUES CONSTRUCTION / BTP CONSULTANTS / COLAS / CONSOLIS / EIFFAGE / EUROVIA / FAYAT / MECATER / RAZEL-BEC / SOPREMA SAS / SPIE BATIGNOLLES / VINCI / XTREE / VIRY FAYAT |,cited page was not read by the fetcher (cannot check)
r001,ECOLE NATIONALE,partner,COLAS,https://ecoledesponts.fr/entreprises/decouvrez-nos-partenaires,BOUYGUES CONSTRUCTION / BTP CONSULTANTS / COLAS / CONSOLIS / EIFFAGE / EUROVIA / FAYAT / MECATER / RAZEL-BEC / SOPREMA SAS / SPIE BATIGNOLLES / VINCI / XTREE / VIRY FAYAT |,cited page was not read by the fetcher (cannot check)
r001,ECOLE NATIONALE,partner,CONSOLIS,https://ecoledesponts.fr/entreprises/decouvrez-nos-partenaires,BOUYGUES CONSTRUCTION / BTP CONSULTANTS / COLAS / CONSOLIS / EIFFAGE / EUROVIA / FAYAT / MECATER / RAZEL-BEC / SOPREMA SAS / SPIE BATIGNOLLES / VINCI / XTREE / VIRY FAYAT |,cited page was not read by the fetcher (cannot check)
r001,ECOLE NATIONALE,partner,EUROVIA,https://ecoledesponts.fr/entreprises/decouvrez-nos-partenaires,BOUYGUES CONSTRUCTION / BTP CONSULTANTS / COLAS / CONSOLIS / EIFFAGE / EUROVIA / FAYAT / MECATER / RAZEL-BEC / SOPREMA SAS / SPIE BATIGNOLLES / VINCI / XTREE / VIRY FAYAT |,cited page was not read by the fetcher (cannot check)
r001,ECOLE NATIONALE,partner,FAYAT,https://ecoledesponts.fr/entreprises/decouvrez-nos-partenaires,BOUYGUES CONSTRUCTION / BTP CONSULTANTS / COLAS / CONSOLIS / EIFFAGE / EUROVIA / FAYAT / MECATER / RAZEL-BEC / SOPREMA SAS / SPIE BATIGNOLLES / VINCI / XTREE / VIRY FAYAT |,cited page was not read by the fetcher (cannot check)
r001,ECOLE NATIONALE,partner,MECATER,https://ecoledesponts.fr/entreprises/decouvrez-nos-partenaires,BOUYGUES CONSTRUCTION / BTP CONSULTANTS / COLAS / CONSOLIS / EIFFAGE / EUROVIA / FAYAT / MECATER / RAZEL-BEC / SOPREMA SAS / SPIE BATIGNOLLES / VINCI / XTREE / VIRY FAYAT |,cited page was not read by the fetcher (cannot check)
r001,ECOLE NATIONALE,partner,RAZEL-BEC,https://ecoledesponts.fr/entreprises/decouvrez-nos-partenaires,BOUYGUES CONSTRUCTION / BTP CONSULTANTS / COLAS / CONSOLIS / EIFFAGE / EUROVIA / FAYAT / MECATER / RAZEL-BEC / SOPREMA SAS / SPIE BATIGNOLLES / VINCI / XTREE / VIRY FAYAT |,cited page was not read by the fetcher (cannot check)
r001,ECOLE NATIONALE,partner,SOPREMA SAS,https://ecoledesponts.fr/entreprises/decouvrez-nos-partenaires,BOUYGUES CONSTRUCTION / BTP CONSULTANTS / COLAS / CONSOLIS / EIFFAGE / EUROVIA / FAYAT / MECATER / RAZEL-BEC / SOPREMA SAS / SPIE BATIGNOLLES / VINCI / XTREE / VIRY FAYAT |,cited page was not read by the fetcher (cannot check)
r001,ECOLE NATIONALE,partner,SPIE BATIGNOLLES,https://ecoledesponts.fr/entreprises/decouvrez-nos-partenaires,BOUYGUES CONSTRUCTION / BTP CONSULTANTS / COLAS / CONSOLIS / EIFFAGE / EUROVIA / FAYAT / MECATER / RAZEL-BEC / SOPREMA SAS / SPIE BATIGNOLLES / VINCI / XTREE / VIRY FAYAT |,cited page was not read by the fetcher (cannot check)
r001,ECOLE NATIONALE,partner,VINCI,https://ecoledesponts.fr/entreprises/decouvrez-nos-partenaires,BOUYGUES CONSTRUCTION / BTP CONSULTANTS / COLAS / CONSOLIS / EIFFAGE / EUROVIA / FAYAT / MECATER / RAZEL-BEC / SOPREMA SAS / SPIE BATIGNOLLES / VINCI / XTREE / VIRY FAYAT |,cited page was not read by the fetcher (cannot check)
r001,ECOLE NATIONALE,partner,XTREE,https://ecoledesponts.fr/entreprises/decouvrez-nos-partenaires,BOUYGUES CONSTRUCTION / BTP CONSULTANTS / COLAS / CONSOLIS / EIFFAGE / EUROVIA / FAYAT / MECATER / RAZEL-BEC / SOPREMA SAS / SPIE BATIGNOLLES / VINCI / XTREE / VIRY FAYAT |,cited page was not read by the fetcher (cannot check)
r001,ECOLE NATIONALE,partner,VIRY FAYAT,https://ecoledesponts.fr/entreprises/decouvrez-nos-partenaires,BOUYGUES CONSTRUCTION / BTP CONSULTANTS / COLAS / CONSOLIS / EIFFAGE / EUROVIA / FAYAT / MECATER / RAZEL-BEC / SOPREMA SAS / SPIE BATIGNOLLES / VINCI / XTREE / VIRY FAYAT |,cited page was not read by the fetcher (cannot check)
r001,ECOLE NATIONALE,partner,EAU DE PARIS,https://ecoledesponts.fr/entreprises/decouvrez-nos-partenaires,EAU DE PARIS / EDF / ENGIE / GROUPE OCP / GRT GAZ / IHC IQIP B.V / OSMOS-ERENRTE / SUEZ ENVIRONNEMENT / TOTALVEOLIA |,cited page was not read by the fetcher (cannot check)
r001,ECOLE NATIONALE,partner,EDF,https://ecoledesponts.fr/entreprises/decouvrez-nos-partenaires,EAU DE PARIS / EDF / ENGIE / GROUPE OCP / GRT GAZ / IHC IQIP B.V / OSMOS-ERENRTE / SUEZ ENVIRONNEMENT / TOTALVEOLIA |,cited page was not read by the fetcher (cannot check)
r001,ECOLE NATIONALE,partner,ENGIE,https://ecoledesponts.fr/entreprises/decouvrez-nos-partenaires,EAU DE PARIS / EDF / ENGIE / GROUPE OCP / GRT GAZ / IHC IQIP B.V / OSMOS-ERENRTE / SUEZ ENVIRONNEMENT / TOTALVEOLIA |,cited page was not read by the fetcher (cannot check)
r001,ECOLE NATIONALE,partner,GROUPE OCP,https://ecoledesponts.fr/entreprises/decouvrez-nos-partenaires,EAU DE PARIS / EDF / ENGIE / GROUPE OCP / GRT GAZ / IHC IQIP B.V / OSMOS-ERENRTE / SUEZ ENVIRONNEMENT / TOTALVEOLIA |,cited page was not read by the fetcher (cannot check)
r001,ECOLE NATIONALE,partner,GRT GAZ,https://ecoledesponts.fr/entreprises/decouvrez-nos-partenaires,EAU DE PARIS / EDF / ENGIE / GROUPE OCP / GRT GAZ / IHC IQIP B.V / OSMOS-ERENRTE / SUEZ ENVIRONNEMENT / TOTALVEOLIA |,cited page was not read by the fetcher (cannot check)
r001,ECOLE NATIONALE,partner,IHC IQIP B.V,https://ecoledesponts.fr/entreprises/decouvrez-nos-partenaires,EAU DE PARIS / EDF / ENGIE / GROUPE OCP / GRT GAZ / IHC IQIP B.V / OSMOS-ERENRTE / SUEZ ENVIRONNEMENT / TOTALVEOLIA |,cited page was not read by the fetcher (cannot check)
r001,ECOLE NATIONALE,partner,OSMOS-ERENRTE,https://ecoledesponts.fr/entreprises/decouvrez-nos-partenaires,EAU DE PARIS / EDF / ENGIE / GROUPE OCP / GRT GAZ / IHC IQIP B.V / OSMOS-ERENRTE / SUEZ ENVIRONNEMENT / TOTALVEOLIA |,cited page was not read by the fetcher (cannot check)
r001,ECOLE NATIONALE,partner,SUEZ ENVIRONNEMENT,https://ecoledesponts.fr/entreprises/decouvrez-nos-partenaires,EAU DE PARIS / EDF / ENGIE / GROUPE OCP / GRT GAZ / IHC IQIP B.V / OSMOS-ERENRTE / SUEZ ENVIRONNEMENT / TOTALVEOLIA |,cited page was not read by the fetcher (cannot check)
r001,ECOLE NATIONALE,partner,TOTALVEOLIA,https://ecoledesponts.fr/entreprises/decouvrez-nos-partenaires,EAU DE PARIS / EDF / ENGIE / GROUPE OCP / GRT GAZ / IHC IQIP B.V / OSMOS-ERENRTE / SUEZ ENVIRONNEMENT / TOTALVEOLIA |,cited page was not read by the fetcher (cannot check)
r001,ECOLE NATIONALE,partner,CARREFOUR,https://ecoledesponts.fr/entreprises/decouvrez-nos-partenaires,CARREFOUR / CASINO / CDISCOUNT / MONOPRIX |,cited page was not read by the fetcher (cannot check)
r001,ECOLE NATIONALE,partner,CASINO,https://ecoledesponts.fr/entreprises/decouvrez-nos-partenaires,CARREFOUR / CASINO / CDISCOUNT / MONOPRIX |,cited page was not read by the fetcher (cannot check)
r001,ECOLE NATIONALE,partner,CDISCOUNT,https://ecoledesponts.fr/entreprises/decouvrez-nos-partenaires,CARREFOUR / CASINO / CDISCOUNT / MONOPRIX |,cited page was not read by the fetcher (cannot check)
r001,ECOLE NATIONALE,partner,MONOPRIX,https://ecoledesponts.fr/entreprises/decouvrez-nos-partenaires,CARREFOUR / CASINO / CDISCOUNT / MONOPRIX |,cited page was not read by the fetcher (cannot check)
r001,ECOLE NATIONALE,partner,AIR LIQUIDE,https://ecoledesponts.fr/entreprises/decouvrez-nos-partenaires,AIR LIQUIDE / ESSILOR / LAFARGE / HOLCIM / L'OREAL / LVMH / MICHELIN / SAFRAN / SAINT-GOBAIN / SCHNEIDER ELECTRIC / VALEO / WURTH FRANCE |,cited page was not read by the fetcher (cannot check)
r001,ECOLE NATIONALE,partner,ESSILOR,https://ecoledesponts.fr/entreprises/decouvrez-nos-partenaires,AIR LIQUIDE / ESSILOR / LAFARGE / HOLCIM / L'OREAL / LVMH / MICHELIN / SAFRAN / SAINT-GOBAIN / SCHNEIDER ELECTRIC / VALEO / WURTH FRANCE |,cited page was not read by the fetcher (cannot check)
r001,ECOLE NATIONALE,partner,LAFARGE,https://ecoledesponts.fr/entreprises/decouvrez-nos-partenaires,AIR LIQUIDE / ESSILOR / LAFARGE / HOLCIM / L'OREAL / LVMH / MICHELIN / SAFRAN / SAINT-GOBAIN / SCHNEIDER ELECTRIC / VALEO / WURTH FRANCE |,cited page was not read by the fetcher (cannot check)
r001,ECOLE NATIONALE,partner,HOLCIM,https://ecoledesponts.fr/entreprises/decouvrez-nos-partenaires,AIR LIQUIDE / ESSILOR / LAFARGE / HOLCIM / L'OREAL / LVMH / MICHELIN / SAFRAN / SAINT-GOBAIN / SCHNEIDER ELECTRIC / VALEO / WURTH FRANCE |,cited page was not read by the fetcher (cannot check)
r001,ECOLE NATIONALE,partner,L'OREAL,https://ecoledesponts.fr/entreprises/decouvrez-nos-partenaires,AIR LIQUIDE / ESSILOR / LAFARGE / HOLCIM / L'OREAL / LVMH / MICHELIN / SAFRAN / SAINT-GOBAIN / SCHNEIDER ELECTRIC / VALEO / WURTH FRANCE |,cited page was not read by the fetcher (cannot check)
r001,ECOLE NATIONALE,partner,LVMH,https://ecoledesponts.fr/entreprises/decouvrez-nos-partenaires,AIR LIQUIDE / ESSILOR / LAFARGE / HOLCIM / L'OREAL / LVMH / MICHELIN / SAFRAN / SAINT-GOBAIN / SCHNEIDER ELECTRIC / VALEO / WURTH FRANCE |,cited page was not read by the fetcher (cannot check)
r001,ECOLE NATIONALE,partner,MICHELIN,https://ecoledesponts.fr/entreprises/decouvrez-nos-partenaires,AIR LIQUIDE / ESSILOR / LAFARGE / HOLCIM / L'OREAL / LVMH / MICHELIN / SAFRAN / SAINT-GOBAIN / SCHNEIDER ELECTRIC / VALEO / WURTH FRANCE |,cited page was not read by the fetcher (cannot check)
r001,ECOLE NATIONALE,partner,SAFRAN,https://ecoledesponts.fr/entreprises/decouvrez-nos-partenaires,AIR LIQUIDE / ESSILOR / LAFARGE / HOLCIM / L'OREAL / LVMH / MICHELIN / SAFRAN / SAINT-GOBAIN / SCHNEIDER ELECTRIC / VALEO / WURTH FRANCE |,cited page was not read by the fetcher (cannot check)
r001,ECOLE NATIONALE,partner,SAINT-GOBAIN,https://ecoledesponts.fr/entreprises/decouvrez-nos-partenaires,AIR LIQUIDE / ESSILOR / LAFARGE / HOLCIM / L'OREAL / LVMH / MICHELIN / SAFRAN / SAINT-GOBAIN / SCHNEIDER ELECTRIC / VALEO / WURTH FRANCE |,cited page was not read by the fetcher (cannot check)
r001,ECOLE NATIONALE,partner,SCHNEIDER ELECTRIC,https://ecoledesponts.fr/entreprises/decouvrez-nos-partenaires,AIR LIQUIDE / ESSILOR / LAFARGE / HOLCIM / L'OREAL / LVMH / MICHELIN / SAFRAN / SAINT-GOBAIN / SCHNEIDER ELECTRIC / VALEO / WURTH FRANCE |,cited page was not read by the fetcher (cannot check)
r001,ECOLE NATIONALE,partner,VALEO,https://ecoledesponts.fr/entreprises/decouvrez-nos-partenaires,AIR LIQUIDE / ESSILOR / LAFARGE / HOLCIM / L'OREAL / LVMH / MICHELIN / SAFRAN / SAINT-GOBAIN / SCHNEIDER ELECTRIC / VALEO / WURTH FRANCE |,cited page was not read by the fetcher (cannot check)
r001,ECOLE NATIONALE,partner,WURTH FRANCE,https://ecoledesponts.fr/entreprises/decouvrez-nos-partenaires,AIR LIQUIDE / ESSILOR / LAFARGE / HOLCIM / L'OREAL / LVMH / MICHELIN / SAFRAN / SAINT-GOBAIN / SCHNEIDER ELECTRIC / VALEO / WURTH FRANCE |,cited page was not read by the fetcher (cannot check)
r001,ECOLE NATIONALE,partner,ABB FRANCE,https://ecoledesponts.fr/entreprises/decouvrez-nos-partenaires,ABB FRANCE / ADOBE / AUTODESK / CISCO / CRITEO / FACEBOOK / HAL ROBOTICS / MICROSOFT / SCET / SYSTEM-X / THEODO |,cited page was not read by the fetcher (cannot check)
r001,ECOLE NATIONALE,partner,ADOBE,https://ecoledesponts.fr/entreprises/decouvrez-nos-partenaires,ABB FRANCE / ADOBE / AUTODESK / CISCO / CRITEO / FACEBOOK / HAL ROBOTICS / MICROSOFT / SCET / SYSTEM-X / THEODO |,cited page was not read by the fetcher (cannot check)
r001,ECOLE NATIONALE,partner,AUTODESK,https://ecoledesponts.fr/entreprises/decouvrez-nos-partenaires,ABB FRANCE / ADOBE / AUTODESK / CISCO / CRITEO / FACEBOOK / HAL ROBOTICS / MICROSOFT / SCET / SYSTEM-X / THEODO |,cited page was not read by the fetcher (cannot check)
r001,ECOLE NATIONALE,partner,CISCO,https://ecoledesponts.fr/entreprises/decouvrez-nos-partenaires,ABB FRANCE / ADOBE / AUTODESK / CISCO / CRITEO / FACEBOOK / HAL ROBOTICS / MICROSOFT / SCET / SYSTEM-X / THEODO |,cited page was not read by the fetcher (cannot check)
r001,ECOLE NATIONALE,partner,CRITEO,https://ecoledesponts.fr/entreprises/decouvrez-nos-partenaires,ABB FRANCE / ADOBE / AUTODESK / CISCO / CRITEO / FACEBOOK / HAL ROBOTICS / MICROSOFT / SCET / SYSTEM-X / THEODO |,cited page was not read by the fetcher (cannot check)
r001,ECOLE NATIONALE,partner,FACEBOOK,https://ecoledesponts.fr/entreprises/decouvrez-nos-partenaires,ABB FRANCE / ADOBE / AUTODESK / CISCO / CRITEO / FACEBOOK / HAL ROBOTICS / MICROSOFT / SCET / SYSTEM-X / THEODO |,cited page was not read by the fetcher (cannot check)
r001,ECOLE NATIONALE,partner,HAL ROBOTICS,https://ecoledesponts.fr/entreprises/decouvrez-nos-partenaires,ABB FRANCE / ADOBE / AUTODESK / CISCO / CRITEO / FACEBOOK / HAL ROBOTICS / MICROSOFT / SCET / SYSTEM-X / THEODO |,cited page was not read by the fetcher (cannot check)
r001,ECOLE NATIONALE,partner,MICROSOFT,https://ecoledesponts.fr/entreprises/decouvrez-nos-partenaires,ABB FRANCE / ADOBE / AUTODESK / CISCO / CRITEO / FACEBOOK / HAL ROBOTICS / MICROSOFT / SCET / SYSTEM-X / THEODO |,cited page was not read by the fetcher (cannot check)
r001,ECOLE NATIONALE,partner,SCET,https://ecoledesponts.fr/entreprises/decouvrez-nos-partenaires,ABB FRANCE / ADOBE / AUTODESK / CISCO / CRITEO / FACEBOOK / HAL ROBOTICS / MICROSOFT / SCET / SYSTEM-X / THEODO |,cited page was not read by the fetcher (cannot check)
r001,ECOLE NATIONALE,partner,SYSTEM-X,https://ecoledesponts.fr/entreprises/decouvrez-nos-partenaires,ABB FRANCE / ADOBE / AUTODESK / CISCO / CRITEO / FACEBOOK / HAL ROBOTICS / MICROSOFT / SCET / SYSTEM-X / THEODO |,cited page was not read by the fetcher (cannot check)
r001,ECOLE NATIONALE,partner,THEODO,https://ecoledesponts.fr/entreprises/decouvrez-nos-partenaires,ABB FRANCE / ADOBE / AUTODESK / CISCO / CRITEO / FACEBOOK / HAL ROBOTICS / MICROSOFT / SCET / SYSTEM-X / THEODO |,cited page was not read by the fetcher (cannot check)
r001,ECOLE NATIONALE,partner,AGENCE FRANCAISE DE DEVELOPPEMENT,https://ecoledesponts.fr/entreprises/decouvrez-nos-partenaires,AGENCE FRANCAISE DE DEVELOPPEMENT / AON FRANCE / BANQUE DE FRANCE / BANQUE MONDIALE / BNP PARIBAS / BPI FRANCE / CRÉDIT AGRICOLE BRIE PICARDIE / MERIDIAM / MILLIMAN / SOCIETE GENERALE |,cited page was not read by the fetcher (cannot check)
r001,ECOLE NATIONALE,partner,AON FRANCE,https://ecoledesponts.fr/entreprises/decouvrez-nos-partenaires,AGENCE FRANCAISE DE DEVELOPPEMENT / AON FRANCE / BANQUE DE FRANCE / BANQUE MONDIALE / BNP PARIBAS / BPI FRANCE / CRÉDIT AGRICOLE BRIE PICARDIE / MERIDIAM / MILLIMAN / SOCIETE GENERALE |,cited page was not read by the fetcher (cannot check)
r001,ECOLE NATIONALE,partner,BANQUE DE FRANCE,https://ecoledesponts.fr/entreprises/decouvrez-nos-partenaires,AGENCE FRANCAISE DE DEVELOPPEMENT / AON FRANCE / BANQUE DE FRANCE / BANQUE MONDIALE / BNP PARIBAS / BPI FRANCE / CRÉDIT AGRICOLE BRIE PICARDIE / MERIDIAM / MILLIMAN / SOCIETE GENERALE |,cited page was not read by the fetcher (cannot check)
r001,ECOLE NATIONALE,partner,BANQUE MONDIALE,https://ecoledesponts.fr/entreprises/decouvrez-nos-partenaires,AGENCE FRANCAISE DE DEVELOPPEMENT / AON FRANCE / BANQUE DE FRANCE / BANQUE MONDIALE / BNP PARIBAS / BPI FRANCE / CRÉDIT AGRICOLE BRIE PICARDIE / MERIDIAM / MILLIMAN / SOCIETE GENERALE |,cited page was not read by the fetcher (cannot check)
r001,ECOLE NATIONALE,partner,BNP PARIBAS,https://ecoledesponts.fr/entreprises/decouvrez-nos-partenaires,AGENCE FRANCAISE DE DEVELOPPEMENT / AON FRANCE / BANQUE DE FRANCE / BANQUE MONDIALE / BNP PARIBAS / BPI FRANCE / CRÉDIT AGRICOLE BRIE PICARDIE / MERIDIAM / MILLIMAN / SOCIETE GENERALE |,cited page was not read by the fetcher (cannot check)
r001,ECOLE NATIONALE,partner,BPI FRANCE,https://ecoledesponts.fr/entreprises/decouvrez-nos-partenaires,AGENCE FRANCAISE DE DEVELOPPEMENT / AON FRANCE / BANQUE DE FRANCE / BANQUE MONDIALE / BNP PARIBAS / BPI FRANCE / CRÉDIT AGRICOLE BRIE PICARDIE / MERIDIAM / MILLIMAN / SOCIETE GENERALE |,cited page was not read by the fetcher (cannot check)
r001,ECOLE NATIONALE,partner,CRÉDIT AGRICOLE BRIE PICARDIE,https://ecoledesponts.fr/entreprises/decouvrez-nos-partenaires,AGENCE FRANCAISE DE DEVELOPPEMENT / AON FRANCE / BANQUE DE FRANCE / BANQUE MONDIALE / BNP PARIBAS / BPI FRANCE / CRÉDIT AGRICOLE BRIE PICARDIE / MERIDIAM / MILLIMAN / SOCIETE GENERALE |,cited page was not read by the fetcher (cannot check)
r001,ECOLE NATIONALE,partner,MERIDIAM,https://ecoledesponts.fr/entreprises/decouvrez-nos-partenaires,AGENCE FRANCAISE DE DEVELOPPEMENT / AON FRANCE / BANQUE DE FRANCE / BANQUE MONDIALE / BNP PARIBAS / BPI FRANCE / CRÉDIT AGRICOLE BRIE PICARDIE / MERIDIAM / MILLIMAN / SOCIETE GENERALE |,cited page was not read by the fetcher (cannot check)
r001,ECOLE NATIONALE,partner,MILLIMAN,https://ecoledesponts.fr/entreprises/decouvrez-nos-partenaires,AGENCE FRANCAISE DE DEVELOPPEMENT / AON FRANCE / BANQUE DE FRANCE / BANQUE MONDIALE / BNP PARIBAS / BPI FRANCE / CRÉDIT AGRICOLE BRIE PICARDIE / MERIDIAM / MILLIMAN / SOCIETE GENERALE |,cited page was not read by the fetcher (cannot check)
r001,ECOLE NATIONALE,partner,SOCIETE GENERALE,https://ecoledesponts.fr/entreprises/decouvrez-nos-partenaires,AGENCE FRANCAISE DE DEVELOPPEMENT / AON FRANCE / BANQUE DE FRANCE / BANQUE MONDIALE / BNP PARIBAS / BPI FRANCE / CRÉDIT AGRICOLE BRIE PICARDIE / MERIDIAM / MILLIMAN / SOCIETE GENERALE |,cited page was not read by the fetcher (cannot check)
r001,ECOLE NATIONALE,partner,ACCENTURE,https://ecoledesponts.fr/entreprises/decouvrez-nos-partenaires,ACCENTURE / ATKEARNEY / BOSTON CONSULTING GROUP / CAPGEMINI / KPMG / MCKINSEY&COMPAGNY |,cited page was not read by the fetcher (cannot check)
r001,ECOLE NATIONALE,partner,ATKEARNEY,https://ecoledesponts.fr/entreprises/decouvrez-nos-partenaires,ACCENTURE / ATKEARNEY / BOSTON CONSULTING GROUP / CAPGEMINI / KPMG / MCKINSEY&COMPAGNY |,cited page was not read by the fetcher (cannot check)
r001,ECOLE NATIONALE,partner,BOSTON CONSULTING GROUP,https://ecoledesponts.fr/entreprises/decouvrez-nos-partenaires,ACCENTURE / ATKEARNEY / BOSTON CONSULTING GROUP / CAPGEMINI / KPMG / MCKINSEY&COMPAGNY |,cited page was not read by the fetcher (cannot check)
r001,ECOLE NATIONALE,partner,CAPGEMINI,https://ecoledesponts.fr/entreprises/decouvrez-nos-partenaires,ACCENTURE / ATKEARNEY / BOSTON CONSULTING GROUP / CAPGEMINI / KPMG / MCKINSEY&COMPAGNY |,cited page was not read by the fetcher (cannot check)
r001,ECOLE NATIONALE,partner,KPMG,https://ecoledesponts.fr/entreprises/decouvrez-nos-partenaires,ACCENTURE / ATKEARNEY / BOSTON CONSULTING GROUP / CAPGEMINI / KPMG / MCKINSEY&COMPAGNY |,cited page was not read by the fetcher (cannot check)
r001,ECOLE NATIONALE,partner,MCKINSEY&COMPAGNY,https://ecoledesponts.fr/entreprises/decouvrez-nos-partenaires,ACCENTURE / ATKEARNEY / BOSTON CONSULTING GROUP / CAPGEMINI / KPMG / MCKINSEY&COMPAGNY |,cited page was not read by the fetcher (cannot check)
r001,ECOLE NATIONALE,partner,ARCADIS,https://ecoledesponts.fr/entreprises/decouvrez-nos-partenaires,ARCADIS / ARTELIA / BUREAU VERITAS / EGIS / INGEROP / REGIENOV / SETEC / SYSTRA / TECHNIP / TRACTEBEL |,cited page was not read by the fetcher (cannot check)
r001,ECOLE NATIONALE,partner,ARTELIA,https://ecoledesponts.fr/entreprises/decouvrez-nos-partenaires,ARCADIS / ARTELIA / BUREAU VERITAS / EGIS / INGEROP / REGIENOV / SETEC / SYSTRA / TECHNIP / TRACTEBEL |,cited page was not read by the fetcher (cannot check)
r001,ECOLE NATIONALE,partner,BUREAU VERITAS,https://ecoledesponts.fr/entreprises/decouvrez-nos-partenaires,ARCADIS / ARTELIA / BUREAU VERITAS / EGIS / INGEROP / REGIENOV / SETEC / SYSTRA / TECHNIP / TRACTEBEL |,cited page was not read by the fetcher (cannot check)
r001,ECOLE NATIONALE,partner,EGIS,https://ecoledesponts.fr/entreprises/decouvrez-nos-partenaires,ARCADIS / ARTELIA / BUREAU VERITAS / EGIS / INGEROP / REGIENOV / SETEC / SYSTRA / TECHNIP / TRACTEBEL |,cited page was not read by the fetcher (cannot check)
r001,ECOLE NATIONALE,partner,INGEROP,https://ecoledesponts.fr/entreprises/decouvrez-nos-partenaires,ARCADIS / ARTELIA / BUREAU VERITAS / EGIS / INGEROP / REGIENOV / SETEC / SYSTRA / TECHNIP / TRACTEBEL |,cited page was not read by the fetcher (cannot check)
r001,ECOLE NATIONALE,partner,REGIENOV,https://ecoledesponts.fr/entreprises/decouvrez-nos-partenaires,ARCADIS / ARTELIA / BUREAU VERITAS / EGIS / INGEROP / REGIENOV / SETEC / SYSTRA / TECHNIP / TRACTEBEL |,cited page was not read by the fetcher (cannot check)
r001,ECOLE NATIONALE,partner,SETEC,https://ecoledesponts.fr/entreprises/decouvrez-nos-partenaires,ARCADIS / ARTELIA / BUREAU VERITAS / EGIS / INGEROP / REGIENOV / SETEC / SYSTRA / TECHNIP / TRACTEBEL |,cited page was not read by the fetcher (cannot check)
r001,ECOLE NATIONALE,partner,SYSTRA,https://ecoledesponts.fr/entreprises/decouvrez-nos-partenaires,ARCADIS / ARTELIA / BUREAU VERITAS / EGIS / INGEROP / REGIENOV / SETEC / SYSTRA / TECHNIP / TRACTEBEL |,cited page was not read by the fetcher (cannot check)
r001,ECOLE NATIONALE,partner,TECHNIP,https://ecoledesponts.fr/entreprises/decouvrez-nos-partenaires,ARCADIS / ARTELIA / BUREAU VERITAS / EGIS / INGEROP / REGIENOV / SETEC / SYSTRA / TECHNIP / TRACTEBEL |,cited page was not read by the fetcher (cannot check)
r001,ECOLE NATIONALE,partner,TRACTEBEL,https://ecoledesponts.fr/entreprises/decouvrez-nos-partenaires,ARCADIS / ARTELIA / BUREAU VERITAS / EGIS / INGEROP / REGIENOV / SETEC / SYSTRA / TECHNIP / TRACTEBEL |,cited page was not read by the fetcher (cannot check)
r001,ECOLE NATIONALE,partner,École Polytechnique,https://ecoledesponts.fr/en/academics/masters/transport-mobility-networks-program,"Planning and development, urban segregation, security problems, congestion, local atmospheric pollution, the greenhouse effect, the explosion in demand for mobility, are all challenges that 21st-century engineers face. In response, since 2004, École nationale des ponts et chaussées and École Polytechnique have proposed the national Masters degree in “Transport and Sustainable Development”.",cited page was not read by the fetcher (cannot check)
r001,ECOLE NATIONALE,partner,Vinci Parc,https://ecoledesponts.fr/en/academics/masters/transport-mobility-networks-program,"Service firms: urban transit operators, new private mobility operators (Vinci Parc, Bolloré, Google...)",cited page was not read by the fetcher (cannot check)
r001,ECOLE NATIONALE,partner,Bolloré,https://ecoledesponts.fr/en/academics/masters/transport-mobility-networks-program,"Service firms: urban transit operators, new private mobility operators (Vinci Parc, Bolloré, Google...)",cited page was not read by the fetcher (cannot check)
r001,ECOLE NATIONALE,partner,Google,https://ecoledesponts.fr/en/academics/masters/transport-mobility-networks-program,"Service firms: urban transit operators, new private mobility operators (Vinci Parc, Bolloré, Google...)",cited page was not read by the fetcher (cannot check)
r001,ECOLE NATIONALE,partner,OECD,https://ecoledesponts.fr/en/academics/masters/transport-mobility-networks-program,"International organizations: OECD, World Bank, AIE, CE, PNUE...",cited page was not read by the fetcher (cannot check)
r001,ECOLE NATIONALE,partner,World Bank,https://ecoledesponts.fr/en/academics/masters/transport-mobility-networks-program,"International organizations: OECD, World Bank, AIE, CE, PNUE...",cited page was not read by the fetcher (cannot check)
r001,ECOLE NATIONALE,partner,AIE,https://ecoledesponts.fr/en/academics/masters/transport-mobility-networks-program,"International organizations: OECD, World Bank, AIE, CE, PNUE...",cited page was not read by the fetcher (cannot check)
r001,ECOLE NATIONALE,partner,PNUE,https://ecoledesponts.fr/en/academics/masters/transport-mobility-networks-program,"International organizations: OECD, World Bank, AIE, CE, PNUE...",cited page was not read by the fetcher (cannot check)
r001,ECOLE NATIONALE,partner,École d’Urbanisme de Paris,https://ecoledesponts.fr/formation-initiale/masters/mention-transport-mobilites-reseaux,"L’École nationale des ponts et chaussées, l’Institut polytechnique de Paris et l’École d’Urbanisme de Paris sont co-accréditées pour la mention de Master Transport, Mobilités, Réseaux. Cette mention propose deux parcours de M2 :",cited page was not read by the fetcher (cannot check)
r001,ECOLE NATIONALE,partner,Université Paris-Est Créteil Val de Marne,https://ecoledesponts.fr/formation-initiale/masters/mention-transport-mobilites-reseaux,"Cette spécialité est commune à 3 établissements : Université Paris-Est Créteil Val de Marne, Université Gustave Eiffel et École nationale des ponts et chaussées.",cited page was not read by the fetcher (cannot check)
r001,ECOLE NATIONALE,partner,Ecole Spéciale des Travaux Publics,https://ecoledesponts.fr/formation-initiale/masters/mention-transport-mobilites-reseaux,"Pour les élèves de la formation ""Ingénieur de l'École nationale des ponts et chaussées"" ou ""Ingénieur de l'Ecole Spéciale des Travaux Publics""",cited page was not read by the fetcher (cannot check)
r001,ECOLE NATIONALE,partner,OCDE,https://ecoledesponts.fr/formation-initiale/masters/mention-transport-mobilites-reseaux,"Organisations internationales : OCDE, Banque Mondiale, AIE, CE, PNUE...",cited page was not read by the fetcher (cannot check)
r001,ECOLE NATIONALE,partner,Ponts Alumni,https://ecoledesponts.fr/lecole/vie-de-campus,Herminie Metzger élue Présidente de Ponts Alumni,cited page was not read by the fetcher (cannot check)
r001,ECOLE NATIONALE,partner,EELISA,https://ecoledesponts.fr/lecole/vie-de-campus,Podcast EELISA : concevoir la transition à l’européenne en ingénierie,cited page was not read by the fetcher (cannot check)
r001,ECOLE NATIONALE,campus,Cité Descartes,https://ecoledesponts.fr/lecole/vie-de-campus/venir-lecole,6 et 8 avenue Blaise-Pascal - Cité Descartes -,cited page was not read by the fetcher (cannot check)
