row_id,institution,partner_name,partner_country,partner_type,mobility_type,source_url,evidence_quote,confidence,verified,verify_note,scraped_at
r001,ECOLE NATIONALE,Université Paris-Est Créteil,France,university,unknown,https://ecoledesponts.fr/en/academics/masters/transport-mobility-networks-program,Co-accreditation with Université Paris-Est Créteil and Université Gustave Eiffel,0.9,no,cited page was not read by the fetcher (cannot check),2026-10-04T07:04:11Z
r001,ECOLE NATIONALE,Université Gustave Eiffel,France,university,unknown,https://ecoledesponts.fr/en/academics/masters/transport-mobility-networks-program,Co-accreditation with Université Paris-Est Créteil and Université Gustave Eiffel,0.9,no,cited page was not read by the fetcher (cannot check),2026-10-04T07:04:11Z
r001,ECOLE NATIONALE,École des Ponts Business School,France,school,unknown,https://ecoledesponts.fr/lecole/vie-de-campus,Signature d'un accord entre l'École des Ponts Business School et de la Graduate School of Technology Management,0.9,no,cited page was not read by the fetcher (cannot check),2026-10-04T07:04:11Z
r001,ECOLE NATIONALE,Graduate School of Technology Management,unknown,school,unknown,https://ecoledesponts.fr/lecole/vie-de-campus,Signature d'un accord entre l'École des Ponts Business School et de la Graduate School of Technology Management,0.9,no,cited page was not read by the fetcher (cannot check),2026-10-04T07:04:11Z
r001,ECOLE NATIONALE,Institut Polytechnique de Paris,France,university,unknown,https://ecoledesponts.fr,Bienvenue sur l'Institut Polytechnique de Paris,0.9,no,cited page was not read by the fetcher (cannot check),2026-10-04T07:04:11Z
r001,ECOLE NATIONALE,Eiffage,France,company,unknown,https://ecoledesponts.fr,Eiffage parraine la promotion 2029,0.9,no,cited page was not read by the fetcher (cannot check),2026-10-04T07:04:11Z
r001,ECOLE NATIONALE,ABERTIS,unknown,company,unknown,https://ecoledesponts.fr/entreprises/decouvrez-nos-partenaires,ABERTIS / AIR FRANCE / ALSTOM / BOMBARDIER / GETLINK / GROUPE ADP / GROUPE SNCF / HITACHI RAIL STS FRANCE / ILE DE FRANCE MOBILITES / KEOLIS / RATP / RENAULT / TRANSDEV |,0.9,no,cited page was not read by the fetcher (cannot check),2026-10-04T07:04:11Z
r001,ECOLE NATIONALE,AIR FRANCE,unknown,company,unknown,https://ecoledesponts.fr/entreprises/decouvrez-nos-partenaires,ABERTIS / AIR FRANCE / ALSTOM / BOMBARDIER / GETLINK / GROUPE ADP / GROUPE SNCF / HITACHI RAIL STS FRANCE / ILE DE FRANCE MOBILITES / KEOLIS / RATP / RENAULT / TRANSDEV |,0.9,no,cited page was not read by the fetcher (cannot check),2026-10-04T07:04:11Z
r001,ECOLE NATIONALE,ALSTOM,unknown,company,unknown,https://ecoledesponts.fr/entreprises/decouvrez-nos-partenaires,ABERTIS / AIR FRANCE / ALSTOM / BOMBARDIER / GETLINK / GROUPE ADP / GROUPE SNCF / HITACHI RAIL STS FRANCE / ILE DE FRANCE MOBILITES / KEOLIS / RATP / RENAULT / TRANSDEV |,0.9,no,cited page was not read by the fetcher (cannot check),2026-10-04T07:04:11Z
r001,ECOLE NATIONALE,BOMBARDIER,unknown,company,unknown,https://ecoledesponts.fr/entreprises/decouvrez-nos-partenaires,ABERTIS / AIR FRANCE / ALSTOM / BOMBARDIER / GETLINK / GROUPE ADP / GROUPE SNCF / HITACHI RAIL STS FRANCE / ILE DE FRANCE MOBILITES / KEOLIS / RATP / RENAULT / TRANSDEV |,0.9,no,cited page was not read by the fetcher (cannot check),2026-10-04T07:04:11Z
r001,ECOLE NATIONALE,GETLINK,unknown,company,unknown,https://ecoledesponts.fr/entreprises/decouvrez-nos-partenaires,ABERTIS / AIR FRANCE / ALSTOM / BOMBARDIER / GETLINK / GROUPE ADP / GROUPE SNCF / HITACHI RAIL STS FRANCE / ILE DE FRANCE MOBILITES / KEOLIS / RATP / RENAULT / TRANSDEV |,0.9,no,cited page was not read by the fetcher (cannot check),2026-10-04T07:04:11Z
r001,ECOLE NATIONALE,GROUPE ADP,unknown,company,unknown,https://ecoledesponts.fr/entreprises/decouvrez-nos-partenaires,ABERTIS / AIR FRANCE / ALSTOM / BOMBARDIER / GETLINK / GROUPE ADP / GROUPE SNCF / HITACHI RAIL STS FRANCE / ILE DE FRANCE MOBILITES / KEOLIS / RATP / RENAULT / TRANSDEV |,0.9,no,cited page was not read by the fetcher (cannot check),2026-10-04T07:04:11Z
r001,ECOLE NATIONALE,GROUPE SNCF,unknown,company,unknown,https://ecoledesponts.fr/entreprises/decouvrez-nos-partenaires,ABERTIS / AIR FRANCE / ALSTOM / BOMBARDIER / GETLINK / GROUPE ADP / GROUPE SNCF / HITACHI RAIL STS FRANCE / ILE DE FRANCE MOBILITES / KEOLIS / RATP / RENAULT / TRANSDEV |,0.9,no,cited page was not read by the fetcher (cannot check),2026-10-04T07:04:11Z
r001,ECOLE NATIONALE,HITACHI RAIL STS FRANCE,unknown,company,unknown,https://ecoledesponts.fr/entreprises/decouvrez-nos-partenaires,ABERTIS / AIR FRANCE / ALSTOM / BOMBARDIER / GETLINK / GROUPE ADP / GROUPE SNCF / HITACHI RAIL STS FRANCE / ILE DE FRANCE MOBILITES / KEOLIS / RATP / RENAULT / TRANSDEV |,0.9,no,cited page was not read by the fetcher (cannot check),2026-10-04T07:04:11Z
r001,ECOLE NATIONALE,ILE DE FRANCE MOBILITES,unknown,company,unknown,https://ecoledesponts.fr/entreprises/decouvrez-nos-partenaires,ABERTIS / AIR FRANCE / ALSTOM / BOMBARDIER / GETLINK / GROUPE ADP / GROUPE SNCF / HITACHI RAIL STS FRANCE / ILE DE FRANCE MOBILITES / KEOLIS / RATP / RENAULT / TRANSDEV |,0.9,no,cited page was not read by the fetcher (cannot check),2026-10-04T07:04:11Z
r001,ECOLE NATIONALE,KEOLIS,unknown,company,unknown,https://ecoledesponts.fr/entreprises/decouvrez-nos-partenaires,ABERTIS / AIR FRANCE / ALSTOM / BOMBARDIER / GETLINK / GROUPE ADP / GROUPE SNCF / HITACHI RAIL STS FRANCE / ILE DE FRANCE MOBILITES / KEOLIS / RATP / RENAULT / TRANSDEV |,0.9,no,cited page was not read by the fetcher (cannot check),2026-10-04T07:04:11Z
r001,ECOLE NATIONALE,RATP,unknown,company,unknown,https://ecoledesponts.fr/entreprises/decouvrez-nos-partenaires,ABERTIS / AIR FRANCE / ALSTOM / BOMBARDIER / GETLINK / GROUPE ADP / GROUPE SNCF / HITACHI RAIL STS FRANCE / ILE DE FRANCE MOBILITES / KEOLIS / RATP / RENAULT / TRANSDEV |,0.9,no,cited page was not read by the fetcher (cannot check),2026-10-04T07:04:11Z
r001,ECOLE NATIONALE,RENAULT,unknown,company,unknown,https://ecoledesponts.fr/entreprises/decouvrez-nos-partenaires,ABERTIS / AIR FRANCE / ALSTOM / BOMBARDIER / GETLINK / GROUPE ADP / GROUPE SNCF / HITACHI RAIL STS FRANCE / ILE DE FRANCE MOBILITES / KEOLIS / RATP / RENAULT / TRANSDEV |,0.9,no,cited page was not read by the fetcher (cannot check),2026-10-04T07:04:11Z
r001,ECOLE NATIONALE,TRANSDEV,unknown,company,unknown,https://ecoledesponts.fr/entreprises/decouvrez-nos-partenaires,ABERTIS / AIR FRANCE / ALSTOM / BOMBARDIER / GETLINK / GROUPE ADP / GROUPE SNCF / HITACHI RAIL STS FRANCE / ILE DE FRANCE MOBILITES / KEOLIS / RATP / RENAULT / TRANSDEV |,0.9,no,cited page was not read by the fetcher (cannot check),2026-10-04T07:04:11Z
r001,ECOLE NATIONALE,BOUYGUES IMMOBILIER,unknown,company,unknown,https://ecoledesponts.fr/entreprises/decouvrez-nos-partenaires,BOUYGUES IMMOBILIER / CREDIT AGRICOLE IMMOBILIER / POSTE IMMO / RIVP |,0.9,no,cited page was not read by the fetcher (cannot check),2026-10-04T07:04:11Z
r001,ECOLE NATIONALE,CREDIT AGRICOLE IMMOBILIER,unknown,company,unknown,https://ecoledesponts.fr/entreprises/decouvrez-nos-partenaires,BOUYGUES IMMOBILIER / CREDIT AGRICOLE IMMOBILIER / POSTE IMMO / RIVP |,0.9,no,cited page was not read by the fetcher (cannot check),2026-10-04T07:04:11Z
r001,ECOLE NATIONALE,POSTE IMMO,unknown,company,unknown,https://ecoledesponts.fr/entreprises/decouvrez-nos-partenaires,BOUYGUES IMMOBILIER / CREDIT AGRICOLE IMMOBILIER / POSTE IMMO / RIVP |,0.9,no,cited page was not read by the fetcher (cannot check),2026-10-04T07:04:11Z
r001,ECOLE NATIONALE,RIVP,unknown,company,unknown,https://ecoledesponts.fr/entreprises/decouvrez-nos-partenaires,BOUYGUES IMMOBILIER / CREDIT AGRICOLE IMMOBILIER / POSTE IMMO / RIVP |,0.9,no,cited page was not read by the fetcher (cannot check),2026-10-04T07:04:11Z
r001,ECOLE NATIONALE,ADEME,unknown,other,unknown,https://ecoledesponts.fr/entreprises/decouvrez-nos-partenaires,"ADEME / ANDRA / ANSES / CAISSE DES DEPOTS / CEA / CENTRE D'ETUDES DES TUNNELS / CEREMA / CNRS / COMPAGNIE NATIONALE DU RHONE / CSTB / EPA ORSA-ORLY RUNGIS SEINE AMONT / EPAMARNE / METROPOLE DU GRAND PARIS / METROPOLE EUROPEENNE DE LILLE / MINISTERE DE LA DEFENSE / MINISTERE DE LA TRANSITION ECOLOGIQUE / MINISTERE DE L'ENSEIGNEMENT SUPERIEUR, DE LA RECHERCHE ET DE L'INNOVATION / ONEMA / PORTS DE PARIS / REGION ILE DE FRANCE / SIAAP / SOCIETE DU GRAND PARIS / SOCIETE VILLEURBANNAISE D'URBANISME / ",0.9,no,cited page was not read by the fetcher (cannot check),2026-10-04T07:04:11Z
r001,ECOLE NATIONALE,ANDRA,unknown,other,unknown,https://ecoledesponts.fr/entreprises/decouvrez-nos-partenaires,"ADEME / ANDRA / ANSES / CAISSE DES DEPOTS / CEA / CENTRE D'ETUDES DES TUNNELS / CEREMA / CNRS / COMPAGNIE NATIONALE DU RHONE / CSTB / EPA ORSA-ORLY RUNGIS SEINE AMONT / EPAMARNE / METROPOLE DU GRAND PARIS / METROPOLE EUROPEENNE DE LILLE / MINISTERE DE LA DEFENSE / MINISTERE DE LA TRANSITION ECOLOGIQUE / MINISTERE DE L'ENSEIGNEMENT SUPERIEUR, DE LA RECHERCHE ET DE L'INNOVATION / ONEMA / PORTS DE PARIS / REGION ILE DE FRANCE / SIAAP / SOCIETE DU GRAND PARIS / SOCIETE VILLEURBANNAISE D'URBANISME / ",0.9,no,cited page was not read by the fetcher (cannot check),2026-10-04T07:04:11Z
r001,ECOLE NATIONALE,ANSES,unknown,other,unknown,https://ecoledesponts.fr/entreprises/decouvrez-nos-partenaires,"ADEME / ANDRA / ANSES / CAISSE DES DEPOTS / CEA / CENTRE D'ETUDES DES TUNNELS / CEREMA / CNRS / COMPAGNIE NATIONALE DU RHONE / CSTB / EPA ORSA-ORLY RUNGIS SEINE AMONT / EPAMARNE / METROPOLE DU GRAND PARIS / METROPOLE EUROPEENNE DE LILLE / MINISTERE DE LA DEFENSE / MINISTERE DE LA TRANSITION ECOLOGIQUE / MINISTERE DE L'ENSEIGNEMENT SUPERIEUR, DE LA RECHERCHE ET DE L'INNOVATION / ONEMA / PORTS DE PARIS / REGION ILE DE FRANCE / SIAAP / SOCIETE DU GRAND PARIS / SOCIETE VILLEURBANNAISE D'URBANISME / ",0.9,no,cited page was not read by the fetcher (cannot check),2026-10-04T07:04:11Z
r001,ECOLE NATIONALE,CAISSE DES DEPOTS,unknown,other,unknown,https://ecoledesponts.fr/entreprises/decouvrez-nos-partenaires,"ADEME / ANDRA / ANSES / CAISSE DES DEPOTS / CEA / CENTRE D'ETUDES DES TUNNELS / CEREMA / CNRS / COMPAGNIE NATIONALE DU RHONE / CSTB / EPA ORSA-ORLY RUNGIS SEINE AMONT / EPAMARNE / METROPOLE DU GRAND PARIS / METROPOLE EUROPEENNE DE LILLE / MINISTERE DE LA DEFENSE / MINISTERE DE LA TRANSITION ECOLOGIQUE / MINISTERE DE L'ENSEIGNEMENT SUPERIEUR, DE LA RECHERCHE ET DE L'INNOVATION / ONEMA / PORTS DE PARIS / REGION ILE DE FRANCE / SIAAP / SOCIETE DU GRAND PARIS / SOCIETE VILLEURBANNAISE D'URBANISME / ",0.9,no,cited page was not read by the fetcher (cannot check),2026-10-04T07:04:11Z
r001,ECOLE NATIONALE,CEA,unknown,other,unknown,https://ecoledesponts.fr/entreprises/decouvrez-nos-partenaires,"ADEME / ANDRA / ANSES / CAISSE DES DEPOTS / CEA / CENTRE D'ETUDES DES TUNNELS / CEREMA / CNRS / COMPAGNIE NATIONALE DU RHONE / CSTB / EPA ORSA-ORLY RUNGIS SEINE AMONT / EPAMARNE / METROPOLE DU GRAND PARIS / METROPOLE EUROPEENNE DE LILLE / MINISTERE DE LA DEFENSE / MINISTERE DE LA TRANSITION ECOLOGIQUE / MINISTERE DE L'ENSEIGNEMENT SUPERIEUR, DE LA RECHERCHE ET DE L'INNOVATION / ONEMA / PORTS DE PARIS / REGION ILE DE FRANCE / SIAAP / SOCIETE DU GRAND PARIS / SOCIETE VILLEURBANNAISE D'URBANISME / ",0.9,no,cited page was not read by the fetcher (cannot check),2026-10-04T07:04:11Z
r001,ECOLE NATIONALE,CENTRE D'ETUDES DES TUNNELS,unknown,other,unknown,https://ecoledesponts.fr/entreprises/decouvrez-nos-partenaires,"ADEME / ANDRA / ANSES / CAISSE DES DEPOTS / CEA / CENTRE D'ETUDES DES TUNNELS / CEREMA / CNRS / COMPAGNIE NATIONALE DU RHONE / CSTB / EPA ORSA-ORLY RUNGIS SEINE AMONT / EPAMARNE / METROPOLE DU GRAND PARIS / METROPOLE EUROPEENNE DE LILLE / MINISTERE DE LA DEFENSE / MINISTERE DE LA TRANSITION ECOLOGIQUE / MINISTERE DE L'ENSEIGNEMENT SUPERIEUR, DE LA RECHERCHE ET DE L'INNOVATION / ONEMA / PORTS DE PARIS / REGION ILE DE FRANCE / SIAAP / SOCIETE DU GRAND PARIS / SOCIETE VILLEURBANNAISE D'URBANISME / ",0.9,no,cited page was not read by the fetcher (cannot check),2026-10-04T07:04:11Z
r001,ECOLE NATIONALE,CEREMA,unknown,other,unknown,https://ecoledesponts.fr/entreprises/decouvrez-nos-partenaires,"ADEME / ANDRA / ANSES / CAISSE DES DEPOTS / CEA / CENTRE D'ETUDES DES TUNNELS / CEREMA / CNRS / COMPAGNIE NATIONALE DU RHONE / CSTB / EPA ORSA-ORLY RUNGIS SEINE AMONT / EPAMARNE / METROPOLE DU GRAND PARIS / METROPOLE EUROPEENNE DE LILLE / MINISTERE DE LA DEFENSE / MINISTERE DE LA TRANSITION ECOLOGIQUE / MINISTERE DE L'ENSEIGNEMENT SUPERIEUR, DE LA RECHERCHE ET DE L'INNOVATION / ONEMA / PORTS DE PARIS / REGION ILE DE FRANCE / SIAAP / SOCIETE DU GRAND PARIS / SOCIETE VILLEURBANNAISE D'URBANISME / ",0.9,no,cited page was not read by the fetcher (cannot check),2026-10-04T07:04:11Z
r001,ECOLE NATIONALE,CNRS,unknown,other,unknown,https://ecoledesponts.fr/entreprises/decouvrez-nos-partenaires,"ADEME / ANDRA / ANSES / CAISSE DES DEPOTS / CEA / CENTRE D'ETUDES DES TUNNELS / CEREMA / CNRS / COMPAGNIE NATIONALE DU RHONE / CSTB / EPA ORSA-ORLY RUNGIS SEINE AMONT / EPAMARNE / METROPOLE DU GRAND PARIS / METROPOLE EUROPEENNE DE LILLE / MINISTERE DE LA DEFENSE / MINISTERE DE LA TRANSITION ECOLOGIQUE / MINISTERE DE L'ENSEIGNEMENT SUPERIEUR, DE LA RECHERCHE ET DE L'INNOVATION / ONEMA / PORTS DE PARIS / REGION ILE DE FRANCE / SIAAP / SOCIETE DU GRAND PARIS / SOCIETE VILLEURBANNAISE D'URBANISME / ",0.9,no,cited page was not read by the fetcher (cannot check),2026-10-04T07:04:11Z
r001,ECOLE NATIONALE,COMPAGNIE NATIONALE DU RHONE,unknown,other,unknown,https://ecoledesponts.fr/entreprises/decouvrez-nos-partenaires,"ADEME / ANDRA / ANSES / CAISSE DES DEPOTS / CEA / CENTRE D'ETUDES DES TUNNELS / CEREMA / CNRS / COMPAGNIE NATIONALE DU RHONE / CSTB / EPA ORSA-ORLY RUNGIS SEINE AMONT / EPAMARNE / METROPOLE DU GRAND PARIS / METROPOLE EUROPEENNE DE LILLE / MINISTERE DE LA DEFENSE / MINISTERE DE LA TRANSITION ECOLOGIQUE / MINISTERE DE L'ENSEIGNEMENT SUPERIEUR, DE LA RECHERCHE ET DE L'INNOVATION / ONEMA / PORTS DE PARIS / REGION ILE DE FRANCE / SIAAP / SOCIETE DU GRAND PARIS / SOCIETE VILLEURBANNAISE D'URBANISME / ",0.9,no,cited page was not read by the fetcher (cannot check),2026-10-04T07:04:11Z
r001,ECOLE NATIONALE,CSTB,unknown,other,unknown,https://ecoledesponts.fr/entreprises/decouvrez-nos-partenaires,"ADEME / ANDRA / ANSES / CAISSE DES DEPOTS / CEA / CENTRE D'ETUDES DES TUNNELS / CEREMA / CNRS / COMPAGNIE NATIONALE DU RHONE / CSTB / EPA ORSA-ORLY RUNGIS SEINE AMONT / EPAMARNE / METROPOLE DU GRAND PARIS / METROPOLE EUROPEENNE DE LILLE / MINISTERE DE LA DEFENSE / MINISTERE DE LA TRANSITION ECOLOGIQUE / MINISTERE DE L'ENSEIGNEMENT SUPERIEUR, DE LA RECHERCHE ET DE L'INNOVATION / ONEMA / PORTS DE PARIS / REGION ILE DE FRANCE / SIAAP / SOCIETE DU GRAND PARIS / SOCIETE VILLEURBANNAISE D'URBANISME / ",0.9,no,cited page was not read by the fetcher (cannot check),2026-10-04T07:04:11Z
r001,ECOLE NATIONALE,EPA ORSA-ORLY RUNGIS SEINE AMONT,unknown,other,unknown,https://ecoledesponts.fr/entreprises/decouvrez-nos-partenaires,"ADEME / ANDRA / ANSES / CAISSE DES DEPOTS / CEA / CENTRE D'ETUDES DES TUNNELS / CEREMA / CNRS / COMPAGNIE NATIONALE DU RHONE / CSTB / EPA ORSA-ORLY RUNGIS SEINE AMONT / EPAMARNE / METROPOLE DU GRAND PARIS / METROPOLE EUROPEENNE DE LILLE / MINISTERE DE LA DEFENSE / MINISTERE DE LA TRANSITION ECOLOGIQUE / MINISTERE DE L'ENSEIGNEMENT SUPERIEUR, DE LA RECHERCHE ET DE L'INNOVATION / ONEMA / PORTS DE PARIS / REGION ILE DE FRANCE / SIAAP / SOCIETE DU GRAND PARIS / SOCIETE VILLEURBANNAISE D'URBANISME / ",0.9,no,cited page was not read by the fetcher (cannot check),2026-10-04T07:04:11Z
r001,ECOLE NATIONALE,EPAMARNE,unknown,other,unknown,https://ecoledesponts.fr/entreprises/decouvrez-nos-partenaires,"ADEME / ANDRA / ANSES / CAISSE DES DEPOTS / CEA / CENTRE D'ETUDES DES TUNNELS / CEREMA / CNRS / COMPAGNIE NATIONALE DU RHONE / CSTB / EPA ORSA-ORLY RUNGIS SEINE AMONT / EPAMARNE / METROPOLE DU GRAND PARIS / METROPOLE EUROPEENNE DE LILLE / MINISTERE DE LA DEFENSE / MINISTERE DE LA TRANSITION ECOLOGIQUE / MINISTERE DE L'ENSEIGNEMENT SUPERIEUR, DE LA RECHERCHE ET DE L'INNOVATION / ONEMA / PORTS DE PARIS / REGION ILE DE FRANCE / SIAAP / SOCIETE DU GRAND PARIS / SOCIETE VILLEURBANNAISE D'URBANISME / ",0.9,no,cited page was not read by the fetcher (cannot check),2026-10-04T07:04:11Z
r001,ECOLE NATIONALE,METROPOLE DU GRAND PARIS,unknown,other,unknown,https://ecoledesponts.fr/entreprises/decouvrez-nos-partenaires,"ADEME / ANDRA / ANSES / CAISSE DES DEPOTS / CEA / CENTRE D'ETUDES DES TUNNELS / CEREMA / CNRS / COMPAGNIE NATIONALE DU RHONE / CSTB / EPA ORSA-ORLY RUNGIS SEINE AMONT / EPAMARNE / METROPOLE DU GRAND PARIS / METROPOLE EUROPEENNE DE LILLE / MINISTERE DE LA DEFENSE / MINISTERE DE LA TRANSITION ECOLOGIQUE / MINISTERE DE L'ENSEIGNEMENT SUPERIEUR, DE LA RECHERCHE ET DE L'INNOVATION / ONEMA / PORTS DE PARIS / REGION ILE DE FRANCE / SIAAP / SOCIETE DU GRAND PARIS / SOCIETE VILLEURBANNAISE D'URBANISME / ",0.9,no,cited page was not read by the fetcher (cannot check),2026-10-04T07:04:11Z
r001,ECOLE NATIONALE,METROPOLE EUROPEENNE DE LILLE,unknown,other,unknown,https://ecoledesponts.fr/entreprises/decouvrez-nos-partenaires,"ADEME / ANDRA / ANSES / CAISSE DES DEPOTS / CEA / CENTRE D'ETUDES DES TUNNELS / CEREMA / CNRS / COMPAGNIE NATIONALE DU RHONE / CSTB / EPA ORSA-ORLY RUNGIS SEINE AMONT / EPAMARNE / METROPOLE DU GRAND PARIS / METROPOLE EUROPEENNE DE LILLE / MINISTERE DE LA DEFENSE / MINISTERE DE LA TRANSITION ECOLOGIQUE / MINISTERE DE L'ENSEIGNEMENT SUPERIEUR, DE LA RECHERCHE ET DE L'INNOVATION / ONEMA / PORTS DE PARIS / REGION ILE DE FRANCE / SIAAP / SOCIETE DU GRAND PARIS / SOCIETE VILLEURBANNAISE D'URBANISME / ",0.9,no,cited page was not read by the fetcher (cannot check),2026-10-04T07:04:11Z
r001,ECOLE NATIONALE,MINISTERE DE LA DEFENSE,unknown,other,unknown,https://ecoledesponts.fr/entreprises/decouvrez-nos-partenaires,"ADEME / ANDRA / ANSES / CAISSE DES DEPOTS / CEA / CENTRE D'ETUDES DES TUNNELS / CEREMA / CNRS / COMPAGNIE NATIONALE DU RHONE / CSTB / EPA ORSA-ORLY RUNGIS SEINE AMONT / EPAMARNE / METROPOLE DU GRAND PARIS / METROPOLE EUROPEENNE DE LILLE / MINISTERE DE LA DEFENSE / MINISTERE DE LA TRANSITION ECOLOGIQUE / MINISTERE DE L'ENSEIGNEMENT SUPERIEUR, DE LA RECHERCHE ET DE L'INNOVATION / ONEMA / PORTS DE PARIS / REGION ILE DE FRANCE / SIAAP / SOCIETE DU GRAND PARIS / SOCIETE VILLEURBANNAISE D'URBANISME / ",0.9,no,cited page was not read by the fetcher (cannot check),2026-10-04T07:04:11Z
r001,ECOLE NATIONALE,MINISTERE DE LA TRANSITION ECOLOGIQUE,unknown,other,unknown,https://ecoledesponts.fr/entreprises/decouvrez-nos-partenaires,"ADEME / ANDRA / ANSES / CAISSE DES DEPOTS / CEA / CENTRE D'ETUDES DES TUNNELS / CEREMA / CNRS / COMPAGNIE NATIONALE DU RHONE / CSTB / EPA ORSA-ORLY RUNGIS SEINE AMONT / EPAMARNE / METROPOLE DU GRAND PARIS / METROPOLE EUROPEENNE DE LILLE / MINISTERE DE LA DEFENSE / MINISTERE DE LA TRANSITION ECOLOGIQUE / MINISTERE DE L'ENSEIGNEMENT SUPERIEUR, DE LA RECHERCHE ET DE L'INNOVATION / ONEMA / PORTS DE PARIS / REGION ILE DE FRANCE / SIAAP / SOCIETE DU GRAND PARIS / SOCIETE VILLEURBANNAISE D'URBANISME / ",0.9,no,cited page was not read by the fetcher (cannot check),2026-10-04T07:04:11Z
r001,ECOLE NATIONALE,"MINISTERE DE L'ENSEIGNEMENT SUPERIEUR, DE LA RECHERCHE ET DE L'INNOVATION",unknown,other,unknown,https://ecoledesponts.fr/entreprises/decouvrez-nos-partenaires,"ADEME / ANDRA / ANSES / CAISSE DES DEPOTS / CEA / CENTRE D'ETUDES DES TUNNELS / CEREMA / CNRS / COMPAGNIE NATIONALE DU RHONE / CSTB / EPA ORSA-ORLY RUNGIS SEINE AMONT / EPAMARNE / METROPOLE DU GRAND PARIS / METROPOLE EUROPEENNE DE LILLE / MINISTERE DE LA DEFENSE / MINISTERE DE LA TRANSITION ECOLOGIQUE / MINISTERE DE L'ENSEIGNEMENT SUPERIEUR, DE LA RECHERCHE ET DE L'INNOVATION / ONEMA / PORTS DE PARIS / REGION ILE DE FRANCE / SIAAP / SOCIETE DU GRAND PARIS / SOCIETE VILLEURBANNAISE D'URBANISME / ",0.9,no,cited page was not read by the fetcher (cannot check),2026-10-04T07:04:11Z
r001,ECOLE NATIONALE,ONEMA,unknown,other,unknown,https://ecoledesponts.fr/entreprises/decouvrez-nos-partenaires,"ADEME / ANDRA / ANSES / CAISSE DES DEPOTS / CEA / CENTRE D'ETUDES DES TUNNELS / CEREMA / CNRS / COMPAGNIE NATIONALE DU RHONE / CSTB / EPA ORSA-ORLY RUNGIS SEINE AMONT / EPAMARNE / METROPOLE DU GRAND PARIS / METROPOLE EUROPEENNE DE LILLE / MINISTERE DE LA DEFENSE / MINISTERE DE LA TRANSITION ECOLOGIQUE / MINISTERE DE L'ENSEIGNEMENT SUPERIEUR, DE LA RECHERCHE ET DE L'INNOVATION / ONEMA / PORTS DE PARIS / REGION ILE DE FRANCE / SIAAP / SOCIETE DU GRAND PARIS / SOCIETE VILLEURBANNAISE D'URBANISME / ",0.9,no,cited page was not read by the fetcher (cannot check),2026-10-04T07:04:11Z
r001,ECOLE NATIONALE,PORTS DE PARIS,unknown,other,unknown,https://ecoledesponts.fr/entreprises/decouvrez-nos-partenaires,"ADEME / ANDRA / ANSES / CAISSE DES DEPOTS / CEA / CENTRE D'ETUDES DES TUNNELS / CEREMA / CNRS / COMPAGNIE NATIONALE DU RHONE / CSTB / EPA ORSA-ORLY RUNGIS SEINE AMONT / EPAMARNE / METROPOLE DU GRAND PARIS / METROPOLE EUROPEENNE DE LILLE / MINISTERE DE LA DEFENSE / MINISTERE DE LA TRANSITION ECOLOGIQUE / MINISTERE DE L'ENSEIGNEMENT SUPERIEUR, DE LA RECHERCHE ET DE L'INNOVATION / ONEMA / PORTS DE PARIS / REGION ILE DE FRANCE / SIAAP / SOCIETE DU GRAND PARIS / SOCIETE VILLEURBANNAISE D'URBANISME / ",0.9,no,cited page was not read by the fetcher (cannot check),2026-10-04T07:04:11Z
r001,ECOLE NATIONALE,REGION ILE DE FRANCE,unknown,other,unknown,https://ecoledesponts.fr/entreprises/decouvrez-nos-partenaires,"ADEME / ANDRA / ANSES / CAISSE DES DEPOTS / CEA / CENTRE D'ETUDES DES TUNNELS / CEREMA / CNRS / COMPAGNIE NATIONALE DU RHONE / CSTB / EPA ORSA-ORLY RUNGIS SEINE AMONT / EPAMARNE / METROPOLE DU GRAND PARIS / METROPOLE EUROPEENNE DE LILLE / MINISTERE DE LA DEFENSE / MINISTERE DE LA TRANSITION ECOLOGIQUE / MINISTERE DE L'ENSEIGNEMENT SUPERIEUR, DE LA RECHERCHE ET DE L'INNOVATION / ONEMA / PORTS DE PARIS / REGION ILE DE FRANCE / SIAAP / SOCIETE DU GRAND PARIS / SOCIETE VILLEURBANNAISE D'URBANISME / ",0.9,no,cited page was not read by the fetcher (cannot check),2026-10-04T07:04:11Z
r001,ECOLE NATIONALE,SIAAP,unknown,other,unknown,https://ecoledesponts.fr/entreprises/decouvrez-nos-partenaires,"ADEME / ANDRA / ANSES / CAISSE DES DEPOTS / CEA / CENTRE D'ETUDES DES TUNNELS / CEREMA / CNRS / COMPAGNIE NATIONALE DU RHONE / CSTB / EPA ORSA-ORLY RUNGIS SEINE AMONT / EPAMARNE / METROPOLE DU GRAND PARIS / METROPOLE EUROPEENNE DE LILLE / MINISTERE DE LA DEFENSE / MINISTERE DE LA TRANSITION ECOLOGIQUE / MINISTERE DE L'ENSEIGNEMENT SUPERIEUR, DE LA RECHERCHE ET DE L'INNOVATION / ONEMA / PORTS DE PARIS / REGION ILE DE FRANCE / SIAAP / SOCIETE DU GRAND PARIS / SOCIETE VILLEURBANNAISE D'URBANISME / ",0.9,no,cited page was not read by the fetcher (cannot check),2026-10-04T07:04:11Z
r001,ECOLE NATIONALE,SOCIETE DU GRAND PARIS,unknown,other,unknown,https://ecoledesponts.fr/entreprises/decouvrez-nos-partenaires,"ADEME / ANDRA / ANSES / CAISSE DES DEPOTS / CEA / CENTRE D'ETUDES DES TUNNELS / CEREMA / CNRS / COMPAGNIE NATIONALE DU RHONE / CSTB / EPA ORSA-ORLY RUNGIS SEINE AMONT / EPAMARNE / METROPOLE DU GRAND PARIS / METROPOLE EUROPEENNE DE LILLE / MINISTERE DE LA DEFENSE / MINISTERE DE LA TRANSITION ECOLOGIQUE / MINISTERE DE L'ENSEIGNEMENT SUPERIEUR, DE LA RECHERCHE ET DE L'INNOVATION / ONEMA / PORTS DE PARIS / REGION ILE DE FRANCE / SIAAP / SOCIETE DU GRAND PARIS / SOCIETE VILLEURBANNAISE D'URBANISME / ",0.9,no,cited page was not read by the fetcher (cannot check),2026-10-04T07:04:11Z
r001,ECOLE NATIONALE,SOCIETE VILLEURBANNAISE D'URBANISME,unknown,other,unknown,https://ecoledesponts.fr/entreprises/decouvrez-nos-partenaires,"ADEME / ANDRA / ANSES / CAISSE DES DEPOTS / CEA / CENTRE D'ETUDES DES TUNNELS / CEREMA / CNRS / COMPAGNIE NATIONALE DU RHONE / CSTB / EPA ORSA-ORLY RUNGIS SEINE AMONT / EPAMARNE / METROPOLE DU GRAND PARIS / METROPOLE EUROPEENNE DE LILLE / MINISTERE DE LA DEFENSE / MINISTERE DE LA TRANSITION ECOLOGIQUE / MINISTERE DE L'ENSEIGNEMENT SUPERIEUR, DE LA RECHERCHE ET DE L'INNOVATION / ONEMA / PORTS DE PARIS / REGION ILE DE FRANCE / SIAAP / SOCIETE DU GRAND PARIS / SOCIETE VILLEURBANNAISE D'URBANISME / ",0.9,no,cited page was not read by the fetcher (cannot check),2026-10-04T07:04:11Z
r001,ECOLE NATIONALE,BOUYGUES CONSTRUCTION,unknown,company,unknown,https://ecoledesponts.fr/entreprises/decouvrez-nos-partenaires,BOUYGUES CONSTRUCTION / BTP CONSULTANTS / COLAS / CONSOLIS / EIFFAGE / EUROVIA / FAYAT / MECATER / RAZEL-BEC / SOPREMA SAS / SPIE BATIGNOLLES / VINCI / XTREE / VIRY FAYAT |,0.9,no,cited page was not read by the fetcher (cannot check),2026-10-04T07:04:11Z
r001,ECOLE NATIONALE,BTP CONSULTANTS,unknown,company,unknown,https://ecoledesponts.fr/entreprises/decouvrez-nos-partenaires,BOUYGUES CONSTRUCTION / BTP CONSULTANTS / COLAS / CONSOLIS / EIFFAGE / EUROVIA / FAYAT / MECATER / RAZEL-BEC / SOPREMA SAS / SPIE BATIGNOLLES / VINCI / XTREE / VIRY FAYAT |,0.9,no,cited page was not read by the fetcher (cannot check),2026-10-04T07:04:11Z
r001,ECOLE NATIONALE,COLAS,unknown,company,unknown,https://ecoledesponts.fr/entreprises/decouvrez-nos-partenaires,BOUYGUES CONSTRUCTION / BTP CONSULTANTS / COLAS / CONSOLIS / EIFFAGE / EUROVIA / FAYAT / MECATER / RAZEL-BEC / SOPREMA SAS / SPIE BATIGNOLLES / VINCI / XTREE / VIRY FAYAT |,0.9,no,cited page was not read by the fetcher (cannot check),2026-10-04T07:04:11Z
r001,ECOLE NATIONALE,CONSOLIS,unknown,company,unknown,https://ecoledesponts.fr/entreprises/decouvrez-nos-partenaires,BOUYGUES CONSTRUCTION / BTP CONSULTANTS / COLAS / CONSOLIS / EIFFAGE / EUROVIA / FAYAT / MECATER / RAZEL-BEC / SOPREMA SAS / SPIE BATIGNOLLES / VINCI / XTREE / VIRY FAYAT |,0.9,no,cited page was not read by the fetcher (cannot check),2026-10-04T07:04:11Z
r001,ECOLE NATIONALE,EUROVIA,unknown,company,unknown,https://ecoledesponts.fr/entreprises/decouvrez-nos-partenaires,BOUYGUES CONSTRUCTION / BTP CONSULTANTS / COLAS / CONSOLIS / EIFFAGE / EUROVIA / FAYAT / MECATER / RAZEL-BEC / SOPREMA SAS / SPIE BATIGNOLLES / VINCI / XTREE / VIRY FAYAT |,0.9,no,cited page was not read by the fetcher (cannot check),2026-10-04T07:04:11Z
r001,ECOLE NATIONALE,FAYAT,unknown,company,unknown,https://ecoledesponts.fr/entreprises/decouvrez-nos-partenaires,BOUYGUES CONSTRUCTION / BTP CONSULTANTS / COLAS / CONSOLIS / EIFFAGE / EUROVIA / FAYAT / MECATER / RAZEL-BEC / SOPREMA SAS / SPIE BATIGNOLLES / VINCI / XTREE / VIRY FAYAT |,0.9,no,cited page was not read by the fetcher (cannot check),2026-10-04T07:04:11Z
r001,ECOLE NATIONALE,MECATER,unknown,company,unknown,https://ecoledesponts.fr/entreprises/decouvrez-nos-partenaires,BOUYGUES CONSTRUCTION / BTP CONSULTANTS / COLAS / CONSOLIS / EIFFAGE / EUROVIA / FAYAT / MECATER / RAZEL-BEC / SOPREMA SAS / SPIE BATIGNOLLES / VINCI / XTREE / VIRY FAYAT |,0.9,no,cited page was not read by the fetcher (cannot check),2026-10-04T07:04:11Z
r001,ECOLE NATIONALE,RAZEL-BEC,unknown,company,unknown,https://ecoledesponts.fr/entreprises/decouvrez-nos-partenaires,BOUYGUES CONSTRUCTION / BTP CONSULTANTS / COLAS / CONSOLIS / EIFFAGE / EUROVIA / FAYAT / MECATER / RAZEL-BEC / SOPREMA SAS / SPIE BATIGNOLLES / VINCI / XTREE / VIRY FAYAT |,0.9,no,cited page was not read by the fetcher (cannot check),2026-10-04T07:04:11Z
r001,ECOLE NATIONALE,SOPREMA SAS,unknown,company,unknown,https://ecoledesponts.fr/entreprises/decouvrez-nos-partenaires,BOUYGUES CONSTRUCTION / BTP CONSULTANTS / COLAS / CONSOLIS / EIFFAGE / EUROVIA / FAYAT / MECATER / RAZEL-BEC / SOPREMA SAS / SPIE BATIGNOLLES / VINCI / XTREE / VIRY FAYAT |,0.9,no,cited page was not read by the fetcher (cannot check),2026-10-04T07:04:11Z
r001,ECOLE NATIONALE,SPIE BATIGNOLLES,unknown,company,unknown,https://ecoledesponts.fr/entreprises/decouvrez-nos-partenaires,BOUYGUES CONSTRUCTION / BTP CONSULTANTS / COLAS / CONSOLIS / EIFFAGE / EUROVIA / FAYAT / MECATER / RAZEL-BEC / SOPREMA SAS / SPIE BATIGNOLLES / VINCI / XTREE / VIRY FAYAT |,0.9,no,cited page was not read by the fetcher (cannot check),2026-10-04T07:04:11Z
r001,ECOLE NATIONALE,VINCI,unknown,company,unknown,https://ecoledesponts.fr/entreprises/decouvrez-nos-partenaires,BOUYGUES CONSTRUCTION / BTP CONSULTANTS / COLAS / CONSOLIS / EIFFAGE / EUROVIA / FAYAT / MECATER / RAZEL-BEC / SOPREMA SAS / SPIE BATIGNOLLES / VINCI / XTREE / VIRY FAYAT |,0.9,no,cited page was not read by the fetcher (cannot check),2026-10-04T07:04:11Z
r001,ECOLE NATIONALE,XTREE,unknown,company,unknown,https://ecoledesponts.fr/entreprises/decouvrez-nos-partenaires,BOUYGUES CONSTRUCTION / BTP CONSULTANTS / COLAS / CONSOLIS / EIFFAGE / EUROVIA / FAYAT / MECATER / RAZEL-BEC / SOPREMA SAS / SPIE BATIGNOLLES / VINCI / XTREE / VIRY FAYAT |,0.9,no,cited page was not read by the fetcher (cannot check),2026-10-04T07:04:11Z
r001,ECOLE NATIONALE,VIRY FAYAT,unknown,company,unknown,https://ecoledesponts.fr/entreprises/decouvrez-nos-partenaires,BOUYGUES CONSTRUCTION / BTP CONSULTANTS / COLAS / CONSOLIS / EIFFAGE / EUROVIA / FAYAT / MECATER / RAZEL-BEC / SOPREMA SAS / SPIE BATIGNOLLES / VINCI / XTREE / VIRY FAYAT |,0.9,no,cited page was not read by the fetcher (cannot check),2026-10-04T07:04:11Z
r001,ECOLE NATIONALE,EAU DE PARIS,unknown,company,unknown,https://ecoledesponts.fr/entreprises/decouvrez-nos-partenaires,EAU DE PARIS / EDF / ENGIE / GROUPE OCP / GRT GAZ / IHC IQIP B.V / OSMOS-ERENRTE / SUEZ ENVIRONNEMENT / TOTALVEOLIA |,0.9,no,cited page was not read by the fetcher (cannot check),2026-10-04T07:04:11Z
r001,ECOLE NATIONALE,EDF,unknown,company,unknown,https://ecoledesponts.fr/entreprises/decouvrez-nos-partenaires,EAU DE PARIS / EDF / ENGIE / GROUPE OCP / GRT GAZ / IHC IQIP B.V / OSMOS-ERENRTE / SUEZ ENVIRONNEMENT / TOTALVEOLIA |,0.9,no,cited page was not read by the fetcher (cannot check),2026-10-04T07:04:11Z
r001,ECOLE NATIONALE,ENGIE,unknown,company,unknown,https://ecoledesponts.fr/entreprises/decouvrez-nos-partenaires,EAU DE PARIS / EDF / ENGIE / GROUPE OCP / GRT GAZ / IHC IQIP B.V / OSMOS-ERENRTE / SUEZ ENVIRONNEMENT / TOTALVEOLIA |,0.9,no,cited page was not read by the fetcher (cannot check),2026-10-04T07:04:11Z
r001,ECOLE NATIONALE,GROUPE OCP,unknown,company,unknown,https://ecoledesponts.fr/entreprises/decouvrez-nos-partenaires,EAU DE PARIS / EDF / ENGIE / GROUPE OCP / GRT GAZ / IHC IQIP B.V / OSMOS-ERENRTE / SUEZ ENVIRONNEMENT / TOTALVEOLIA |,0.9,no,cited page was not read by the fetcher (cannot check),2026-10-04T07:04:11Z
r001,ECOLE NATIONALE,GRT GAZ,unknown,company,unknown,https://ecoledesponts.fr/entreprises/decouvrez-nos-partenaires,EAU DE PARIS / EDF / ENGIE / GROUPE OCP / GRT GAZ / IHC IQIP B.V / OSMOS-ERENRTE / SUEZ ENVIRONNEMENT / TOTALVEOLIA |,0.9,no,cited page was not read by the fetcher (cannot check),2026-10-04T07:04:11Z
r001,ECOLE NATIONALE,IHC IQIP B.V,unknown,company,unknown,https://ecoledesponts.fr/entreprises/decouvrez-nos-partenaires,EAU DE PARIS / EDF / ENGIE / GROUPE OCP / GRT GAZ / IHC IQIP B.V / OSMOS-ERENRTE / SUEZ ENVIRONNEMENT / TOTALVEOLIA |,0.9,no,cited page was not read by the fetcher (cannot check),2026-10-04T07:04:11Z
r001,ECOLE NATIONALE,OSMOS-ERENRTE,unknown,company,unknown,https://ecoledesponts.fr/entreprises/decouvrez-nos-partenaires,EAU DE PARIS / EDF / ENGIE / GROUPE OCP / GRT GAZ / IHC IQIP B.V / OSMOS-ERENRTE / SUEZ ENVIRONNEMENT / TOTALVEOLIA |,0.9,no,cited page was not read by the fetcher (cannot check),2026-10-04T07:04:11Z
r001,ECOLE NATIONALE,SUEZ ENVIRONNEMENT,unknown,company,unknown,https://ecoledesponts.fr/entreprises/decouvrez-nos-partenaires,EAU DE PARIS / EDF / ENGIE / GROUPE OCP / GRT GAZ / IHC IQIP B.V / OSMOS-ERENRTE / SUEZ ENVIRONNEMENT / TOTALVEOLIA |,0.9,no,cited page was not read by the fetcher (cannot check),2026-10-04T07:04:11Z
r001,ECOLE NATIONALE,TOTALVEOLIA,unknown,company,unknown,https://ecoledesponts.fr/entreprises/decouvrez-nos-partenaires,EAU DE PARIS / EDF / ENGIE / GROUPE OCP / GRT GAZ / IHC IQIP B.V / OSMOS-ERENRTE / SUEZ ENVIRONNEMENT / TOTALVEOLIA |,0.9,no,cited page was not read by the fetcher (cannot check),2026-10-04T07:04:11Z
r001,ECOLE NATIONALE,CARREFOUR,unknown,company,unknown,https://ecoledesponts.fr/entreprises/decouvrez-nos-partenaires,CARREFOUR / CASINO / CDISCOUNT / MONOPRIX |,0.9,no,cited page was not read by the fetcher (cannot check),2026-10-04T07:04:11Z
r001,ECOLE NATIONALE,CASINO,unknown,company,unknown,https://ecoledesponts.fr/entreprises/decouvrez-nos-partenaires,CARREFOUR / CASINO / CDISCOUNT / MONOPRIX |,0.9,no,cited page was not read by the fetcher (cannot check),2026-10-04T07:04:11Z
r001,ECOLE NATIONALE,CDISCOUNT,unknown,company,unknown,https://ecoledesponts.fr/entreprises/decouvrez-nos-partenaires,CARREFOUR / CASINO / CDISCOUNT / MONOPRIX |,0.9,no,cited page was not read by the fetcher (cannot check),2026-10-04T07:04:11Z
r001,ECOLE NATIONALE,MONOPRIX,unknown,company,unknown,https://ecoledesponts.fr/entreprises/decouvrez-nos-partenaires,CARREFOUR / CASINO / CDISCOUNT / MONOPRIX |,0.9,no,cited page was not read by the fetcher (cannot check),2026-10-04T07:04:11Z
r001,ECOLE NATIONALE,AIR LIQUIDE,unknown,company,unknown,https://ecoledesponts.fr/entreprises/decouvrez-nos-partenaires,AIR LIQUIDE / ESSILOR / LAFARGE / HOLCIM / L'OREAL / LVMH / MICHELIN / SAFRAN / SAINT-GOBAIN / SCHNEIDER ELECTRIC / VALEO / WURTH FRANCE |,0.9,no,cited page was not read by the fetcher (cannot check),2026-10-04T07:04:11Z
r001,ECOLE NATIONALE,ESSILOR,unknown,company,unknown,https://ecoledesponts.fr/entreprises/decouvrez-nos-partenaires,AIR LIQUIDE / ESSILOR / LAFARGE / HOLCIM / L'OREAL / LVMH / MICHELIN / SAFRAN / SAINT-GOBAIN / SCHNEIDER ELECTRIC / VALEO / WURTH FRANCE |,0.9,no,cited page was not read by the fetcher (cannot check),2026-10-04T07:04:11Z
r001,ECOLE NATIONALE,LAFARGE,unknown,company,unknown,https://ecoledesponts.fr/entreprises/decouvrez-nos-partenaires,AIR LIQUIDE / ESSILOR / LAFARGE / HOLCIM / L'OREAL / LVMH / MICHELIN / SAFRAN / SAINT-GOBAIN / SCHNEIDER ELECTRIC / VALEO / WURTH FRANCE |,0.9,no,cited page was not read by the fetcher (cannot check),2026-10-04T07:04:11Z
r001,ECOLE NATIONALE,HOLCIM,unknown,company,unknown,https://ecoledesponts.fr/entreprises/decouvrez-nos-partenaires,AIR LIQUIDE / ESSILOR / LAFARGE / HOLCIM / L'OREAL / LVMH / MICHELIN / SAFRAN / SAINT-GOBAIN / SCHNEIDER ELECTRIC / VALEO / WURTH FRANCE |,0.9,no,cited page was not read by the fetcher (cannot check),2026-10-04T07:04:11Z
r001,ECOLE NATIONALE,L'OREAL,unknown,company,unknown,https://ecoledesponts.fr/entreprises/decouvrez-nos-partenaires,AIR LIQUIDE / ESSILOR / LAFARGE / HOLCIM / L'OREAL / LVMH / MICHELIN / SAFRAN / SAINT-GOBAIN / SCHNEIDER ELECTRIC / VALEO / WURTH FRANCE |,0.9,no,cited page was not read by the fetcher (cannot check),2026-10-04T07:04:11Z
r001,ECOLE NATIONALE,LVMH,unknown,company,unknown,https://ecoledesponts.fr/entreprises/decouvrez-nos-partenaires,AIR LIQUIDE / ESSILOR / LAFARGE / HOLCIM / L'OREAL / LVMH / MICHELIN / SAFRAN / SAINT-GOBAIN / SCHNEIDER ELECTRIC / VALEO / WURTH FRANCE |,0.9,no,cited page was not read by the fetcher (cannot check),2026-10-04T07:04:11Z
r001,ECOLE NATIONALE,MICHELIN,unknown,company,unknown,https://ecoledesponts.fr/entreprises/decouvrez-nos-partenaires,AIR LIQUIDE / ESSILOR / LAFARGE / HOLCIM / L'OREAL / LVMH / MICHELIN / SAFRAN / SAINT-GOBAIN / SCHNEIDER ELECTRIC / VALEO / WURTH FRANCE |,0.9,no,cited page was not read by the fetcher (cannot check),2026-10-04T07:04:11Z
r001,ECOLE NATIONALE,SAFRAN,unknown,company,unknown,https://ecoledesponts.fr/entreprises/decouvrez-nos-partenaires,AIR LIQUIDE / ESSILOR / LAFARGE / HOLCIM / L'OREAL / LVMH / MICHELIN / SAFRAN / SAINT-GOBAIN / SCHNEIDER ELECTRIC / VALEO / WURTH FRANCE |,0.9,no,cited page was not read by the fetcher (cannot check),2026-10-04T07:04:11Z
r001,ECOLE NATIONALE,SAINT-GOBAIN,unknown,company,unknown,https://ecoledesponts.fr/entreprises/decouvrez-nos-partenaires,AIR LIQUIDE / ESSILOR / LAFARGE / HOLCIM / L'OREAL / LVMH / MICHELIN / SAFRAN / SAINT-GOBAIN / SCHNEIDER ELECTRIC / VALEO / WURTH FRANCE |,0.9,no,cited page was not read by the fetcher (cannot check),2026-10-04T07:04:11Z
r001,ECOLE NATIONALE,SCHNEIDER ELECTRIC,unknown,company,unknown,https://ecoledesponts.fr/entreprises/decouvrez-nos-partenaires,AIR LIQUIDE / ESSILOR / LAFARGE / HOLCIM / L'OREAL / LVMH / MICHELIN / SAFRAN / SAINT-GOBAIN / SCHNEIDER ELECTRIC / VALEO / WURTH FRANCE |,0.9,no,cited page was not read by the fetcher (cannot check),2026-10-04T07:04:11Z
r001,ECOLE NATIONALE,VALEO,unknown,company,unknown,https://ecoledesponts.fr/entreprises/decouvrez-nos-partenaires,AIR LIQUIDE / ESSILOR / LAFARGE / HOLCIM / L'OREAL / LVMH / MICHELIN / SAFRAN / SAINT-GOBAIN / SCHNEIDER ELECTRIC / VALEO / WURTH FRANCE |,0.9,no,cited page was not read by the fetcher (cannot check),2026-10-04T07:04:11Z
r001,ECOLE NATIONALE,WURTH FRANCE,unknown,company,unknown,https://ecoledesponts.fr/entreprises/decouvrez-nos-partenaires,AIR LIQUIDE / ESSILOR / LAFARGE / HOLCIM / L'OREAL / LVMH / MICHELIN / SAFRAN / SAINT-GOBAIN / SCHNEIDER ELECTRIC / VALEO / WURTH FRANCE |,0.9,no,cited page was not read by the fetcher (cannot check),2026-10-04T07:04:11Z
r001,ECOLE NATIONALE,ABB FRANCE,unknown,company,unknown,https://ecoledesponts.fr/entreprises/decouvrez-nos-partenaires,ABB FRANCE / ADOBE / AUTODESK / CISCO / CRITEO / FACEBOOK / HAL ROBOTICS / MICROSOFT / SCET / SYSTEM-X / THEODO |,0.9,no,cited page was not read by the fetcher (cannot check),2026-10-04T07:04:11Z
r001,ECOLE NATIONALE,ADOBE,unknown,company,unknown,https://ecoledesponts.fr/entreprises/decouvrez-nos-partenaires,ABB FRANCE / ADOBE / AUTODESK / CISCO / CRITEO / FACEBOOK / HAL ROBOTICS / MICROSOFT / SCET / SYSTEM-X / THEODO |,0.9,no,cited page was not read by the fetcher (cannot check),2026-10-04T07:04:11Z
r001,ECOLE NATIONALE,AUTODESK,unknown,company,unknown,https://ecoledesponts.fr/entreprises/decouvrez-nos-partenaires,ABB FRANCE / ADOBE / AUTODESK / CISCO / CRITEO / FACEBOOK / HAL ROBOTICS / MICROSOFT / SCET / SYSTEM-X / THEODO |,0.9,no,cited page was not read by the fetcher (cannot check),2026-10-04T07:04:11Z
r001,ECOLE NATIONALE,CISCO,unknown,company,unknown,https://ecoledesponts.fr/entreprises/decouvrez-nos-partenaires,ABB FRANCE / ADOBE / AUTODESK / CISCO / CRITEO / FACEBOOK / HAL ROBOTICS / MICROSOFT / SCET / SYSTEM-X / THEODO |,0.9,no,cited page was not read by the fetcher (cannot check),2026-10-04T07:04:11Z
r001,ECOLE NATIONALE,CRITEO,unknown,company,unknown,https://ecoledesponts.fr/entreprises/decouvrez-nos-partenaires,ABB FRANCE / ADOBE / AUTODESK / CISCO / CRITEO / FACEBOOK / HAL ROBOTICS / MICROSOFT / SCET / SYSTEM-X / THEODO |,0.9,no,cited page was not read by the fetcher (cannot check),2026-10-04T07:04:11Z
r001,ECOLE NATIONALE,FACEBOOK,unknown,company,unknown,https://ecoledesponts.fr/entreprises/decouvrez-nos-partenaires,ABB FRANCE / ADOBE / AUTODESK / CISCO / CRITEO / FACEBOOK / HAL ROBOTICS / MICROSOFT / SCET / SYSTEM-X / THEODO |,0.9,no,cited page was not read by the fetcher (cannot check),2026-10-04T07:04:11Z
r001,ECOLE NATIONALE,HAL ROBOTICS,unknown,company,unknown,https://ecoledesponts.fr/entreprises/decouvrez-nos-partenaires,ABB FRANCE / ADOBE / AUTODESK / CISCO / CRITEO / FACEBOOK / HAL ROBOTICS / MICROSOFT / SCET / SYSTEM-X / THEODO |,0.9,no,cited page was not read by the fetcher (cannot check),2026-10-04T07:04:11Z
r001,ECOLE NATIONALE,MICROSOFT,unknown,company,unknown,https://ecoledesponts.fr/entreprises/decouvrez-nos-partenaires,ABB FRANCE / ADOBE / AUTODESK / CISCO / CRITEO / FACEBOOK / HAL ROBOTICS / MICROSOFT / SCET / SYSTEM-X / THEODO |,0.9,no,cited page was not read by the fetcher (cannot check),2026-10-04T07:04:11Z
r001,ECOLE NATIONALE,SCET,unknown,company,unknown,https://ecoledesponts.fr/entreprises/decouvrez-nos-partenaires,ABB FRANCE / ADOBE / AUTODESK / CISCO / CRITEO / FACEBOOK / HAL ROBOTICS / MICROSOFT / SCET / SYSTEM-X / THEODO |,0.9,no,cited page was not read by the fetcher (cannot check),2026-10-04T07:04:11Z
r001,ECOLE NATIONALE,SYSTEM-X,unknown,company,unknown,https://ecoledesponts.fr/entreprises/decouvrez-nos-partenaires,ABB FRANCE / ADOBE / AUTODESK / CISCO / CRITEO / FACEBOOK / HAL ROBOTICS / MICROSOFT / SCET / SYSTEM-X / THEODO |,0.9,no,cited page was not read by the fetcher (cannot check),2026-10-04T07:04:11Z
r001,ECOLE NATIONALE,THEODO,unknown,company,unknown,https://ecoledesponts.fr/entreprises/decouvrez-nos-partenaires,ABB FRANCE / ADOBE / AUTODESK / CISCO / CRITEO / FACEBOOK / HAL ROBOTICS / MICROSOFT / SCET / SYSTEM-X / THEODO |,0.9,no,cited page was not read by the fetcher (cannot check),2026-10-04T07:04:11Z
r001,ECOLE NATIONALE,AGENCE FRANCAISE DE DEVELOPPEMENT,unknown,company,unknown,https://ecoledesponts.fr/entreprises/decouvrez-nos-partenaires,AGENCE FRANCAISE DE DEVELOPPEMENT / AON FRANCE / BANQUE DE FRANCE / BANQUE MONDIALE / BNP PARIBAS / BPI FRANCE / CRÉDIT AGRICOLE BRIE PICARDIE / MERIDIAM / MILLIMAN / SOCIETE GENERALE |,0.9,no,cited page was not read by the fetcher (cannot check),2026-10-04T07:04:11Z
r001,ECOLE NATIONALE,AON FRANCE,unknown,company,unknown,https://ecoledesponts.fr/entreprises/decouvrez-nos-partenaires,AGENCE FRANCAISE DE DEVELOPPEMENT / AON FRANCE / BANQUE DE FRANCE / BANQUE MONDIALE / BNP PARIBAS / BPI FRANCE / CRÉDIT AGRICOLE BRIE PICARDIE / MERIDIAM / MILLIMAN / SOCIETE GENERALE |,0.9,no,cited page was not read by the fetcher (cannot check),2026-10-04T07:04:11Z
r001,ECOLE NATIONALE,BANQUE DE FRANCE,unknown,company,unknown,https://ecoledesponts.fr/entreprises/decouvrez-nos-partenaires,AGENCE FRANCAISE DE DEVELOPPEMENT / AON FRANCE / BANQUE DE FRANCE / BANQUE MONDIALE / BNP PARIBAS / BPI FRANCE / CRÉDIT AGRICOLE BRIE PICARDIE / MERIDIAM / MILLIMAN / SOCIETE GENERALE |,0.9,no,cited page was not read by the fetcher (cannot check),2026-10-04T07:04:11Z
r001,ECOLE NATIONALE,BANQUE MONDIALE,unknown,company,unknown,https://ecoledesponts.fr/entreprises/decouvrez-nos-partenaires,AGENCE FRANCAISE DE DEVELOPPEMENT / AON FRANCE / BANQUE DE FRANCE / BANQUE MONDIALE / BNP PARIBAS / BPI FRANCE / CRÉDIT AGRICOLE BRIE PICARDIE / MERIDIAM / MILLIMAN / SOCIETE GENERALE |,0.9,no,cited page was not read by the fetcher (cannot check),2026-10-04T07:04:11Z
r001,ECOLE NATIONALE,BNP PARIBAS,unknown,company,unknown,https://ecoledesponts.fr/entreprises/decouvrez-nos-partenaires,AGENCE FRANCAISE DE DEVELOPPEMENT / AON FRANCE / BANQUE DE FRANCE / BANQUE MONDIALE / BNP PARIBAS / BPI FRANCE / CRÉDIT AGRICOLE BRIE PICARDIE / MERIDIAM / MILLIMAN / SOCIETE GENERALE |,0.9,no,cited page was not read by the fetcher (cannot check),2026-10-04T07:04:11Z
r001,ECOLE NATIONALE,BPI FRANCE,unknown,company,unknown,https://ecoledesponts.fr/entreprises/decouvrez-nos-partenaires,AGENCE FRANCAISE DE DEVELOPPEMENT / AON FRANCE / BANQUE DE FRANCE / BANQUE MONDIALE / BNP PARIBAS / BPI FRANCE / CRÉDIT AGRICOLE BRIE PICARDIE / MERIDIAM / MILLIMAN / SOCIETE GENERALE |,0.9,no,cited page was not read by the fetcher (cannot check),2026-10-04T07:04:11Z
r001,ECOLE NATIONALE,CRÉDIT AGRICOLE BRIE PICARDIE,unknown,company,unknown,https://ecoledesponts.fr/entreprises/decouvrez-nos-partenaires,AGENCE FRANCAISE DE DEVELOPPEMENT / AON FRANCE / BANQUE DE FRANCE / BANQUE MONDIALE / BNP PARIBAS / BPI FRANCE / CRÉDIT AGRICOLE BRIE PICARDIE / MERIDIAM / MILLIMAN / SOCIETE GENERALE |,0.9,no,cited page was not read by the fetcher (cannot check),2026-10-04T07:04:11Z
r001,ECOLE NATIONALE,MERIDIAM,unknown,company,unknown,https://ecoledesponts.fr/entreprises/decouvrez-nos-partenaires,AGENCE FRANCAISE DE DEVELOPPEMENT / AON FRANCE / BANQUE DE FRANCE / BANQUE MONDIALE / BNP PARIBAS / BPI FRANCE / CRÉDIT AGRICOLE BRIE PICARDIE / MERIDIAM / MILLIMAN / SOCIETE GENERALE |,0.9,no,cited page was not read by the fetcher (cannot check),2026-10-04T07:04:11Z
r001,ECOLE NATIONALE,MILLIMAN,unknown,company,unknown,https://ecoledesponts.fr/entreprises/decouvrez-nos-partenaires,AGENCE FRANCAISE DE DEVELOPPEMENT / AON FRANCE / BANQUE DE FRANCE / BANQUE MONDIALE / BNP PARIBAS / BPI FRANCE / CRÉDIT AGRICOLE BRIE PICARDIE / MERIDIAM / MILLIMAN / SOCIETE GENERALE |,0.9,no,cited page was not read by the fetcher (cannot check),2026-10-04T07:04:11Z
r001,ECOLE NATIONALE,SOCIETE GENERALE,unknown,company,unknown,https://ecoledesponts.fr/entreprises/decouvrez-nos-partenaires,AGENCE FRANCAISE DE DEVELOPPEMENT / AON FRANCE / BANQUE DE FRANCE / BANQUE MONDIALE / BNP PARIBAS / BPI FRANCE / CRÉDIT AGRICOLE BRIE PICARDIE / MERIDIAM / MILLIMAN / SOCIETE GENERALE |,0.9,no,cited page was not read by the fetcher (cannot check),2026-10-04T07:04:11Z
r001,ECOLE NATIONALE,ACCENTURE,unknown,company,unknown,https://ecoledesponts.fr/entreprises/decouvrez-nos-partenaires,ACCENTURE / ATKEARNEY / BOSTON CONSULTING GROUP / CAPGEMINI / KPMG / MCKINSEY&COMPAGNY |,0.9,no,cited page was not read by the fetcher (cannot check),2026-10-04T07:04:11Z
r001,ECOLE NATIONALE,ATKEARNEY,unknown,company,unknown,https://ecoledesponts.fr/entreprises/decouvrez-nos-partenaires,ACCENTURE / ATKEARNEY / BOSTON CONSULTING GROUP / CAPGEMINI / KPMG / MCKINSEY&COMPAGNY |,0.9,no,cited page was not read by the fetcher (cannot check),2026-10-04T07:04:11Z
r001,ECOLE NATIONALE,BOSTON CONSULTING GROUP,unknown,company,unknown,https://ecoledesponts.fr/entreprises/decouvrez-nos-partenaires,ACCENTURE / ATKEARNEY / BOSTON CONSULTING GROUP / CAPGEMINI / KPMG / MCKINSEY&COMPAGNY |,0.9,no,cited page was not read by the fetcher (cannot check),2026-10-04T07:04:11Z
r001,ECOLE NATIONALE,CAPGEMINI,unknown,company,unknown,https://ecoledesponts.fr/entreprises/decouvrez-nos-partenaires,ACCENTURE / ATKEARNEY / BOSTON CONSULTING GROUP / CAPGEMINI / KPMG / MCKINSEY&COMPAGNY |,0.9,no,cited page was not read by the fetcher (cannot check),2026-10-04T07:04:11Z
r001,ECOLE NATIONALE,KPMG,unknown,company,unknown,https://ecoledesponts.fr/entreprises/decouvrez-nos-partenaires,ACCENTURE / ATKEARNEY / BOSTON CONSULTING GROUP / CAPGEMINI / KPMG / MCKINSEY&COMPAGNY |,0.9,no,cited page was not read by the fetcher (cannot check),2026-10-04T07:04:11Z
r001,ECOLE NATIONALE,MCKINSEY&COMPAGNY,unknown,company,unknown,https://ecoledesponts.fr/entreprises/decouvrez-nos-partenaires,ACCENTURE / ATKEARNEY / BOSTON CONSULTING GROUP / CAPGEMINI / KPMG / MCKINSEY&COMPAGNY |,0.9,no,cited page was not read by the fetcher (cannot check),2026-10-04T07:04:11Z
r001,ECOLE NATIONALE,ARCADIS,unknown,company,unknown,https://ecoledesponts.fr/entreprises/decouvrez-nos-partenaires,ARCADIS / ARTELIA / BUREAU VERITAS / EGIS / INGEROP / REGIENOV / SETEC / SYSTRA / TECHNIP / TRACTEBEL |,0.9,no,cited page was not read by the fetcher (cannot check),2026-10-04T07:04:11Z
r001,ECOLE NATIONALE,ARTELIA,unknown,company,unknown,https://ecoledesponts.fr/entreprises/decouvrez-nos-partenaires,ARCADIS / ARTELIA / BUREAU VERITAS / EGIS / INGEROP / REGIENOV / SETEC / SYSTRA / TECHNIP / TRACTEBEL |,0.9,no,cited page was not read by the fetcher (cannot check),2026-10-04T07:04:11Z
r001,ECOLE NATIONALE,BUREAU VERITAS,unknown,company,unknown,https://ecoledesponts.fr/entreprises/decouvrez-nos-partenaires,ARCADIS / ARTELIA / BUREAU VERITAS / EGIS / INGEROP / REGIENOV / SETEC / SYSTRA / TECHNIP / TRACTEBEL |,0.9,no,cited page was not read by the fetcher (cannot check),2026-10-04T07:04:11Z
r001,ECOLE NATIONALE,EGIS,unknown,company,unknown,https://ecoledesponts.fr/entreprises/decouvrez-nos-partenaires,ARCADIS / ARTELIA / BUREAU VERITAS / EGIS / INGEROP / REGIENOV / SETEC / SYSTRA / TECHNIP / TRACTEBEL |,0.9,no,cited page was not read by the fetcher (cannot check),2026-10-04T07:04:11Z
r001,ECOLE NATIONALE,INGEROP,unknown,company,unknown,https://ecoledesponts.fr/entreprises/decouvrez-nos-partenaires,ARCADIS / ARTELIA / BUREAU VERITAS / EGIS / INGEROP / REGIENOV / SETEC / SYSTRA / TECHNIP / TRACTEBEL |,0.9,no,cited page was not read by the fetcher (cannot check),2026-10-04T07:04:11Z
r001,ECOLE NATIONALE,REGIENOV,unknown,company,unknown,https://ecoledesponts.fr/entreprises/decouvrez-nos-partenaires,ARCADIS / ARTELIA / BUREAU VERITAS / EGIS / INGEROP / REGIENOV / SETEC / SYSTRA / TECHNIP / TRACTEBEL |,0.9,no,cited page was not read by the fetcher (cannot check),2026-10-04T07:04:11Z
r001,ECOLE NATIONALE,SETEC,unknown,company,unknown,https://ecoledesponts.fr/entreprises/decouvrez-nos-partenaires,ARCADIS / ARTELIA / BUREAU VERITAS / EGIS / INGEROP / REGIENOV / SETEC / SYSTRA / TECHNIP / TRACTEBEL |,0.9,no,cited page was not read by the fetcher (cannot check),2026-10-04T07:04:11Z
r001,ECOLE NATIONALE,SYSTRA,unknown,company,unknown,https://ecoledesponts.fr/entreprises/decouvrez-nos-partenaires,ARCADIS / ARTELIA / BUREAU VERITAS / EGIS / INGEROP / REGIENOV / SETEC / SYSTRA / TECHNIP / TRACTEBEL |,0.9,no,cited page was not read by the fetcher (cannot check),2026-10-04T07:04:11Z
r001,ECOLE NATIONALE,TECHNIP,unknown,company,unknown,https://ecoledesponts.fr/entreprises/decouvrez-nos-partenaires,ARCADIS / ARTELIA / BUREAU VERITAS / EGIS / INGEROP / REGIENOV / SETEC / SYSTRA / TECHNIP / TRACTEBEL |,0.9,no,cited page was not read by the fetcher (cannot check),2026-10-04T07:04:11Z
r001,ECOLE NATIONALE,TRACTEBEL,unknown,company,unknown,https://ecoledesponts.fr/entreprises/decouvrez-nos-partenaires,ARCADIS / ARTELIA / BUREAU VERITAS / EGIS / INGEROP / REGIENOV / SETEC / SYSTRA / TECHNIP / TRACTEBEL |,0.9,no,cited page was not read by the fetcher (cannot check),2026-10-04T07:04:11Z
r001,ECOLE NATIONALE,École Polytechnique,France,university,unknown,https://ecoledesponts.fr/en/academics/masters/transport-mobility-networks-program,"Planning and development, urban segregation, security problems, congestion, local atmospheric pollution, the greenhouse effect, the explosion in demand for mobility, are all challenges that 21st-century engineers face. In response, since 2004, École nationale des ponts et chaussées and École Polytechnique have proposed the national Masters degree in “Transport and Sustainable Development”.",0.9,no,cited page was not read by the fetcher (cannot check),2026-10-04T07:04:11Z
r001,ECOLE NATIONALE,Vinci Parc,unknown,company,unknown,https://ecoledesponts.fr/en/academics/masters/transport-mobility-networks-program,"Service firms: urban transit operators, new private mobility operators (Vinci Parc, Bolloré, Google...)",0.9,no,cited page was not read by the fetcher (cannot check),2026-10-04T07:04:11Z
r001,ECOLE NATIONALE,Bolloré,unknown,company,unknown,https://ecoledesponts.fr/en/academics/masters/transport-mobility-networks-program,"Service firms: urban transit operators, new private mobility operators (Vinci Parc, Bolloré, Google...)",0.9,no,cited page was not read by the fetcher (cannot check),2026-10-04T07:04:11Z
r001,ECOLE NATIONALE,Google,unknown,company,unknown,https://ecoledesponts.fr/en/academics/masters/transport-mobility-networks-program,"Service firms: urban transit operators, new private mobility operators (Vinci Parc, Bolloré, Google...)",0.9,no,cited page was not read by the fetcher (cannot check),2026-10-04T07:04:11Z
r001,ECOLE NATIONALE,OECD,unknown,other,unknown,https://ecoledesponts.fr/en/academics/masters/transport-mobility-networks-program,"International organizations: OECD, World Bank, AIE, CE, PNUE...",0.9,no,cited page was not read by the fetcher (cannot check),2026-10-04T07:04:11Z
r001,ECOLE NATIONALE,World Bank,unknown,other,unknown,https://ecoledesponts.fr/en/academics/masters/transport-mobility-networks-program,"International organizations: OECD, World Bank, AIE, CE, PNUE...",0.9,no,cited page was not read by the fetcher (cannot check),2026-10-04T07:04:11Z
r001,ECOLE NATIONALE,AIE,unknown,other,unknown,https://ecoledesponts.fr/en/academics/masters/transport-mobility-networks-program,"International organizations: OECD, World Bank, AIE, CE, PNUE...",0.9,no,cited page was not read by the fetcher (cannot check),2026-10-04T07:04:11Z
r001,ECOLE NATIONALE,PNUE,unknown,other,unknown,https://ecoledesponts.fr/en/academics/masters/transport-mobility-networks-program,"International organizations: OECD, World Bank, AIE, CE, PNUE...",0.9,no,cited page was not read by the fetcher (cannot check),2026-10-04T07:04:11Z
r001,ECOLE NATIONALE,École d’Urbanisme de Paris,France,school,unknown,https://ecoledesponts.fr/formation-initiale/masters/mention-transport-mobilites-reseaux,"L’École nationale des ponts et chaussées, l’Institut polytechnique de Paris et l’École d’Urbanisme de Paris sont co-accréditées pour la mention de Master Transport, Mobilités, Réseaux. Cette mention propose deux parcours de M2 :",0.9,no,cited page was not read by the fetcher (cannot check),2026-10-04T07:04:11Z
r001,ECOLE NATIONALE,Université Paris-Est Créteil Val de Marne,France,university,unknown,https://ecoledesponts.fr/formation-initiale/masters/mention-transport-mobilites-reseaux,"Cette spécialité est commune à 3 établissements : Université Paris-Est Créteil Val de Marne, Université Gustave Eiffel et École nationale des ponts et chaussées.",0.9,no,cited page was not read by the fetcher (cannot check),2026-10-04T07:04:11Z
r001,ECOLE NATIONALE,Ecole Spéciale des Travaux Publics,France,school,unknown,https://ecoledesponts.fr/formation-initiale/masters/mention-transport-mobilites-reseaux,"Pour les élèves de la formation ""Ingénieur de l'École nationale des ponts et chaussées"" ou ""Ingénieur de l'Ecole Spéciale des Travaux Publics""",0.9,no,cited page was not read by the fetcher (cannot check),2026-10-04T07:04:11Z
r001,ECOLE NATIONALE,OCDE,unknown,other,unknown,https://ecoledesponts.fr/formation-initiale/masters/mention-transport-mobilites-reseaux,"Organisations internationales : OCDE, Banque Mondiale, AIE, CE, PNUE...",0.9,no,cited page was not read by the fetcher (cannot check),2026-10-04T07:04:11Z
r001,ECOLE NATIONALE,Ponts Alumni,unknown,other,unknown,https://ecoledesponts.fr/lecole/vie-de-campus,Herminie Metzger élue Présidente de Ponts Alumni,0.9,no,cited page was not read by the fetcher (cannot check),2026-10-04T07:04:11Z
r001,ECOLE NATIONALE,EELISA,unknown,network,unknown,https://ecoledesponts.fr/lecole/vie-de-campus,Podcast EELISA : concevoir la transition à l’européenne en ingénierie,0.9,no,cited page was not read by the fetcher (cannot check),2026-10-04T07:04:11Z
r006,Antonio Fiengo Academia Europia,Young Academy of Europe,unknown,network,unknown,https://www2.ae-info.org/,Young Academy of Europe,0.9,no,cited page was not read by the fetcher (cannot check),2026-10-04T07:02:45Z
r006,Antonio Fiengo Academia Europia,SAPEA,unknown,network,unknown,https://www2.ae-info.org/,SAPEA,0.9,no,cited page was not read by the fetcher (cannot check),2026-10-04T07:02:45Z
r006,Antonio Fiengo Academia Europia,Young Academy of Europe (YAE),unknown,network,unknown,https://www2.ae-info.org/,Young Academy of Europe (YAE),0.9,no,cited page was not read by the fetcher (cannot check),2026-10-04T07:02:45Z
r006,Antonio Fiengo Academia Europia,EASAC,unknown,network,unknown,https://www2.ae-info.org/,EASAC,0.9,no,cited page was not read by the fetcher (cannot check),2026-10-04T07:02:45Z
r006,Antonio Fiengo Academia Europia,EASSH,unknown,network,unknown,https://www2.ae-info.org/,EASSH,0.9,no,cited page was not read by the fetcher (cannot check),2026-10-04T07:02:45Z
r006,Antonio Fiengo Academia Europia,SHAPE-ID,unknown,other,unknown,https://www2.ae-info.org/,SHAPE-ID,0.9,no,cited page was not read by the fetcher (cannot check),2026-10-04T07:02:45Z
r006,Antonio Fiengo Academia Europia,University of Wrocław,Poland,university,unknown,https://www2.ae-info.org/,"Venue: Tadeusz Taube Department of Jewish Studies, University of Wrocław.",0.9,no,cited page was not read by the fetcher (cannot check),2026-10-04T07:02:45Z
r006,Antonio Fiengo Academia Europia,FEAM,unknown,network,unknown,https://www2.ae-info.org/,"Members of Academia Europaea are invited to the upcoming launch event of the new EASAC-FEAM Report “AI in European Healthcare: Policy Recommendations for Optimising Added Value and Safe, Ethical, and Inclusive Adoption”.",0.9,no,cited page was not read by the fetcher (cannot check),2026-10-04T07:02:45Z
r006,Antonio Fiengo Academia Europia,IAP,unknown,network,unknown,https://www2.ae-info.org/,IAP - ISSE International School of Science Education,0.9,no,cited page was not read by the fetcher (cannot check),2026-10-04T07:02:45Z
r006,Antonio Fiengo Academia Europia,ISSE,unknown,other,unknown,https://www2.ae-info.org/,IAP - ISSE International School of Science Education,0.9,no,cited page was not read by the fetcher (cannot check),2026-10-04T07:02:45Z
r006,Antonio Fiengo Academia Europia,Wrocław University of Science and Technology,Poland,university,unknown,https://www2.ae-info.org/,"Venue: Wrocław University of Science and Technology, Poland.",0.9,no,cited page was not read by the fetcher (cannot check),2026-10-04T07:02:45Z
r006,Antonio Fiengo Academia Europia,Vilnius University,Lithuania,university,unknown,https://www2.ae-info.org/,"The Young Academy's 2026 André Mischke YAE Prize is awarded to Professor Dr. Ieva Plikusienė, researcher and lecturer at the Faculty of Chemistry and Geosciences of Vilnius University and Chief researcher at the Centre for Physical Sciences and Technology, Lithuania.",0.9,no,cited page was not read by the fetcher (cannot check),2026-10-04T07:02:45Z
r006,Antonio Fiengo Academia Europia,Centre for Physical Sciences and Technology,Lithuania,other,unknown,https://www2.ae-info.org/,"The Young Academy's 2026 André Mischke YAE Prize is awarded to Professor Dr. Ieva Plikusienė, researcher and lecturer at the Faculty of Chemistry and Geosciences of Vilnius University and Chief researcher at the Centre for Physical Sciences and Technology, Lithuania.",0.9,no,cited page was not read by the fetcher (cannot check),2026-10-04T07:02:45Z
r006,Antonio Fiengo Academia Europia,University of Pisa,Italy,university,unknown,https://www2.ae-info.org/,"Alessandro Lenci MAE, Full Professor of Linguistics and Director of the Department of Philology, Literature, and Linguistics at the University of Pisa, was awarded the prestigious ERC ERC Advanced Grant for the project CLIMB, Cognitively-Inspired Language Models for Investigating Human Language Acquisition and Processing.",0.9,no,cited page was not read by the fetcher (cannot check),2026-10-04T07:02:45Z
r006,Antonio Fiengo Academia Europia,Polar Academy,unknown,other,unknown,https://www2.ae-info.org/,Lise Øvreås elected Board Member of the Polar Academy,0.9,no,cited page was not read by the fetcher (cannot check),2026-10-04T07:02:45Z
r006,Antonio Fiengo Academia Europia,"Scripps Institution of Oceanography, University of California, San Diego",USA,university,unknown,https://www2.ae-info.org/,"Professor Farooq Azam, Emeritus Professor from the Scripps Institution of Oceanography, University of California, San Diego, was awarded the 2026 Kyoto Prize in Biological Sciences.",0.9,no,cited page was not read by the fetcher (cannot check),2026-10-04T07:02:45Z
r006,Antonio Fiengo Academia Europia,Max Planck Institute of Molecular Cell Biology and Genetics,Germany,other,unknown,https://www2.ae-info.org/,"The Academia Europaea are pleased to award the 2026 SYDNEY BRENNER Medal for achievements in the Life Sciences, to Professor Meritxell Huch MAE, Max Planck Institute of Molecular Cell Biology and Genetics (MPI-CBG).",0.9,no,cited page was not read by the fetcher (cannot check),2026-10-04T07:02:45Z
r006,Antonio Fiengo Academia Europia,Reial Acadèmia de Ciències i Arts de Barcelona,Spain,other,unknown,https://www2.ae-info.org/,Professor Donald Dingwell was elected Foreign Member of the Reial Acadèmia de Ciències i Arts de Barcelona (RACAB).,0.9,no,cited page was not read by the fetcher (cannot check),2026-10-04T07:02:45Z
r006,Antonio Fiengo Academia Europia,Hungarian Academy of Sciences,Hungary,other,unknown,https://www2.ae-info.org/,"In an event jointly organised by Academia Europaea Budapest Knowledge Hub, the Hungarian Academy of Sciences and the Szent-Györgyi National Academy of Scientist Education (NASE) more than 700 students received their graduation diploma in the presence of several members of Academia Europaea.",0.9,no,cited page was not read by the fetcher (cannot check),2026-10-04T07:02:45Z
r006,Antonio Fiengo Academia Europia,Szent-Györgyi National Academy of Scientist Education,Hungary,other,unknown,https://www2.ae-info.org/,"In an event jointly organised by Academia Europaea Budapest Knowledge Hub, the Hungarian Academy of Sciences and the Szent-Györgyi National Academy of Scientist Education (NASE) more than 700 students received their graduation diploma in the presence of several members of Academia Europaea.",0.9,no,cited page was not read by the fetcher (cannot check),2026-10-04T07:02:45Z
r006,Antonio Fiengo Academia Europia,Polish Academy of Sciences,Poland,other,unknown,https://www2.ae-info.org/,MAEs elected Foreign Members of the Polish Academy of Sciences,0.9,no,cited page was not read by the fetcher (cannot check),2026-10-04T07:02:45Z
r006,Antonio Fiengo Academia Europia,Accademia Nazionale dei Lincei,Italy,other,unknown,https://www2.ae-info.org/,Four members of Academia Europaea are awarded the Feltrinelli Prizes by the Accademia Nazionale dei Lincei.,0.9,no,cited page was not read by the fetcher (cannot check),2026-10-04T07:02:45Z
r006,Antonio Fiengo Academia Europia,Chuzhou University,China,university,unknown,https://www2.ae-info.org/,Ioannis Liritzis appointed Distinguished Professor at Chuzhou University,0.9,no,cited page was not read by the fetcher (cannot check),2026-10-04T07:02:45Z
r006,Antonio Fiengo Academia Europia,National Academy of Sciences,United States,other,unknown,https://www2.ae-info.org/,"Nine members of Academia Europaea, among them President of Academia Europaea, Professor Donald Dingwell MAE, have been elected as international members of the National Academy of Sciences (NAS).",0.9,no,cited page was not read by the fetcher (cannot check),2026-10-04T07:02:45Z
r006,Antonio Fiengo Academia Europia,French Academy of Sciences,France,other,unknown,https://www2.ae-info.org/,"Read the report ""International Health Aid Under Threat: Scope and Challenges"" published by the French Academy of Sciences.",0.9,no,cited page was not read by the fetcher (cannot check),2026-10-04T07:02:45Z
r006,Antonio Fiengo Academia Europia,Scientific Advice Mechanism,unknown,other,unknown,https://www2.ae-info.org/,"The Scientific Advice Mechanism has formally handed over its scientific advice on advanced materials to Ekaterina Zaharieva, European Commissioner for Startups, Research and Innovation.",0.9,no,cited page was not read by the fetcher (cannot check),2026-10-04T07:02:45Z
r006,Antonio Fiengo Academia Europia,Cambridge Scholars Publishing,United Kingdom,company,unknown,https://www2.ae-info.org/,Cambridge Scholars Publishing,0.9,no,cited page was not read by the fetcher (cannot check),2026-10-04T07:02:45Z
r006,Antonio Fiengo Academia Europia,Science20,South Africa,network,unknown,https://www2.ae-info.org/,Read the 2025 Statement on Climate Change and Well-being issued by Science20 (S20) South Africa.,0.9,no,cited page was not read by the fetcher (cannot check),2026-10-04T07:02:45Z
r006,Antonio Fiengo Academia Europia,The Heinz-Nixdorf Foundation,unknown,company,unknown,https://www2.ae-info.org/ae/Acad_Main/Activities/Awards_and_Prizes/Erasmus_Medal,The Erasmus Medal and lecture are currently sponsored by The Heinz-Nixdorf Foundation.,0.9,no,cited page was not read by the fetcher (cannot check),2026-10-04T07:02:45Z
r006,Antonio Fiengo Academia Europia,University of London,United Kingdom,university,unknown,https://www2.ae-info.org/ae/Acad_Main/Contact_us,University of London,0.9,no,cited page was not read by the fetcher (cannot check),2026-10-04T07:02:45Z
r006,Antonio Fiengo Academia Europia,Graz University of Technology,Austria,university,unknown,https://www2.ae-info.org/ae/Acad_Main/Contact_us,Graz University of Technology,0.9,no,cited page was not read by the fetcher (cannot check),2026-10-04T07:02:45Z
r006,Antonio Fiengo Academia Europia,Heinz-Nixdorf Stiftung,unknown,other,unknown,https://www2.ae-info.org/ae/Acad_Main/Activities/Awards_and_Prizes/Erasmus_Medal/CurrentPrizeWinner,The Award is sponsored by the Heinz-Nixdorf Stiftung#,0.9,no,cited page was not read by the fetcher (cannot check),2026-10-04T07:02:45Z
r026,Stredna prienyselna skola,SOŠ a SOU Kralupy nad Vltavou,Czech Republic,school,study,https://spsehalova.sk/pre-ziakov/erasmus/,"Mobilita žiakov – SOŠ a SOU Kralupy nad Vltavou (05. 06. 2022 – 18. 06. 2022) (DOCX, 1 MB)",0.9,no,cited page was not read by the fetcher (cannot check),2026-10-04T07:58:27Z
r026,Stredna prienyselna skola,VOŠIS a SŠEMI Praha,Czech Republic,school,study,https://spsehalova.sk/pre-ziakov/erasmus/,"Mobilita žiakov – VOŠIS a SŠEMI Praha (20. 11. 2022 – 03. 12. 2022) (DOCX, 432 kB)",0.9,no,cited page was not read by the fetcher (cannot check),2026-10-04T07:58:27Z
r026,Stredna prienyselna skola,Limassol Cyprus,Cyprus,other,study,https://spsehalova.sk/pre-ziakov/erasmus/,"Mobilita žiakov – Limassol Cyprus (17.09.2022 – 02. 10. 2022) (DOCX, 583 kB)",0.9,no,cited page was not read by the fetcher (cannot check),2026-10-04T07:58:27Z
r026,Stredna prienyselna skola,SPŠE Havířov,Czech Republic,school,study,https://spsehalova.sk/pre-ziakov/erasmus/,"Mobilita žiakov – SPŠE Havířov (19. 03. 2023 – 01. 04. 2023) (DOCX, 482 kB)",0.9,no,cited page was not read by the fetcher (cannot check),2026-10-04T07:58:27Z
r026,Stredna prienyselna skola,VOŠ a SŠ slaboproudé elektrotechniky Praha,Czech Republic,school,study,https://spsehalova.sk/pre-ziakov/erasmus/,"Mobilita žiakov – VOŠ a SŠ slaboproudé elektrotechniky Praha (09. 10. 2016 – 22. 10. 2016) (PDF, 561 kB)",0.9,no,cited page was not read by the fetcher (cannot check),2026-10-04T07:58:27Z
r026,Stredna prienyselna skola,Vitalis Gut Wehlitz,Germany,other,traineeship,https://spsehalova.sk/erasmus-nemecko-lipsko/,"V termíne od 21. septembra do 4. októbra 2025 sa skupina žiakov našej školy zúčastnila medzinárodného projektu Erasmus+ v nemeckom meste Lipsko. Odbornú stáž absolvovalo 22 študentov z 2. a 3. ročníka študijných odborov Programovanie digitálnych technológií (PDT), Informačné a sieťové technológie (IST) a Elektrotechnika (ELK) vo vzdelávacom centre Vitalis Gut Wehlitz",0.9,no,cited page was not read by the fetcher (cannot check),2026-10-04T07:58:27Z
r027,Stiching hogeschool viaa,Zorggroep Noorderboog,Netherlands,other,unknown,https://www.viaa.nl/samenwerkingspartners/regiocampus/,"De Regiocampus is een coöperatie waarin de leden Zorggroep Noorderboog, Isala Diaconessenhuis en de onderwijspartners Deltion College, Christelijke Hogeschool Windesheim, Drenthe college en Hogeschool Viaa hun krachten bundelen. De coöperatie werkt ook samen met de gemeente Meppel, Gemeente Steenwijkerland, RSG Stad & Esch, De ZorgZaak en de Rabobank. Naast de eerste zes partijen, is het voor ieder ander bedrijf, onderwijs- en onderzoeksinstelling mogelijk om deel te nemen in de coöperatie.",0.9,no,cited page was not read by the fetcher (cannot check),2026-10-04T07:58:46Z
r027,Stiching hogeschool viaa,Isala Diaconessenhuis,Netherlands,other,unknown,https://www.viaa.nl/samenwerkingspartners/regiocampus/,"De Regiocampus is een coöperatie waarin de leden Zorggroep Noorderboog, Isala Diaconessenhuis en de onderwijspartners Deltion College, Christelijke Hogeschool Windesheim, Drenthe college en Hogeschool Viaa hun krachten bundelen. De coöperatie werkt ook samen met de gemeente Meppel, Gemeente Steenwijkerland, RSG Stad & Esch, De ZorgZaak en de Rabobank. Naast de eerste zes partijen, is het voor ieder ander bedrijf, onderwijs- en onderzoeksinstelling mogelijk om deel te nemen in de coöperatie.",0.9,no,cited page was not read by the fetcher (cannot check),2026-10-04T07:58:46Z
r027,Stiching hogeschool viaa,Deltion College,Netherlands,college,unknown,https://www.viaa.nl/samenwerkingspartners/regiocampus/,"De Regiocampus is een coöperatie waarin de leden Zorggroep Noorderboog, Isala Diaconessenhuis en de onderwijspartners Deltion College, Christelijke Hogeschool Windesheim, Drenthe college en Hogeschool Viaa hun krachten bundelen. De coöperatie werkt ook samen met de gemeente Meppel, Gemeente Steenwijkerland, RSG Stad & Esch, De ZorgZaak en de Rabobank. Naast de eerste zes partijen, is het voor ieder ander bedrijf, onderwijs- en onderzoeksinstelling mogelijk om deel te nemen in de coöperatie.",0.9,no,cited page was not read by the fetcher (cannot check),2026-10-04T07:58:46Z
r027,Stiching hogeschool viaa,Christelijke Hogeschool Windesheim,Netherlands,university,unknown,https://www.viaa.nl/samenwerkingspartners/regiocampus/,"De Regiocampus is een coöperatie waarin de leden Zorggroep Noorderboog, Isala Diaconessenhuis en de onderwijspartners Deltion College, Christelijke Hogeschool Windesheim, Drenthe college en Hogeschool Viaa hun krachten bundelen. De coöperatie werkt ook samen met de gemeente Meppel, Gemeente Steenwijkerland, RSG Stad & Esch, De ZorgZaak en de Rabobank. Naast de eerste zes partijen, is het voor ieder ander bedrijf, onderwijs- en onderzoeksinstelling mogelijk om deel te nemen in de coöperatie.",0.9,no,cited page was not read by the fetcher (cannot check),2026-10-04T07:58:46Z
r027,Stiching hogeschool viaa,Drenthe college,Netherlands,college,unknown,https://www.viaa.nl/samenwerkingspartners/regiocampus/,"De Regiocampus is een coöperatie waarin de leden Zorggroep Noorderboog, Isala Diaconessenhuis en de onderwijspartners Deltion College, Christelijke Hogeschool Windesheim, Drenthe college en Hogeschool Viaa hun krachten bundelen. De coöperatie werkt ook samen met de gemeente Meppel, Gemeente Steenwijkerland, RSG Stad & Esch, De ZorgZaak en de Rabobank. Naast de eerste zes partijen, is het voor ieder ander bedrijf, onderwijs- en onderzoeksinstelling mogelijk om deel te nemen in de coöperatie.",0.9,no,cited page was not read by the fetcher (cannot check),2026-10-04T07:58:46Z
r027,Stiching hogeschool viaa,Gemeente Meppel,Netherlands,other,unknown,https://www.viaa.nl/samenwerkingspartners/regiocampus/,"De Regiocampus is een coöperatie waarin de leden Zorggroep Noorderboog, Isala Diaconessenhuis en de onderwijspartners Deltion College, Christelijke Hogeschool Windesheim, Drenthe college en Hogeschool Viaa hun krachten bundelen. De coöperatie werkt ook samen met de gemeente Meppel, Gemeente Steenwijkerland, RSG Stad & Esch, De ZorgZaak en de Rabobank. Naast de eerste zes partijen, is het voor ieder ander bedrijf, onderwijs- en onderzoeksinstelling mogelijk om deel te nemen in de coöperatie.",0.9,no,cited page was not read by the fetcher (cannot check),2026-10-04T07:58:46Z
r027,Stiching hogeschool viaa,Gemeente Steenwijkerland,Netherlands,other,unknown,https://www.viaa.nl/samenwerkingspartners/regiocampus/,"De Regiocampus is een coöperatie waarin de leden Zorggroep Noorderboog, Isala Diaconessenhuis en de onderwijspartners Deltion College, Christelijke Hogeschool Windesheim, Drenthe college en Hogeschool Viaa hun krachten bundelen. De coöperatie werkt ook samen met de gemeente Meppel, Gemeente Steenwijkerland, RSG Stad & Esch, De ZorgZaak en de Rabobank. Naast de eerste zes partijen, is het voor ieder ander bedrijf, onderwijs- en onderzoeksinstelling mogelijk om deel te nemen in de coöperatie.",0.9,no,cited page was not read by the fetcher (cannot check),2026-10-04T07:58:46Z
r027,Stiching hogeschool viaa,RSG Stad & Esch,Netherlands,school,unknown,https://www.viaa.nl/samenwerkingspartners/regiocampus/,"De Regiocampus is een coöperatie waarin de leden Zorggroep Noorderboog, Isala Diaconessenhuis en de onderwijspartners Deltion College, Christelijke Hogeschool Windesheim, Drenthe college en Hogeschool Viaa hun krachten bundelen. De coöperatie werkt ook samen met de gemeente Meppel, Gemeente Steenwijkerland, RSG Stad & Esch, De ZorgZaak en de Rabobank. Naast de eerste zes partijen, is het voor ieder ander bedrijf, onderwijs- en onderzoeksinstelling mogelijk om deel te nemen in de coöperatie.",0.9,no,cited page was not read by the fetcher (cannot check),2026-10-04T07:58:46Z
r027,Stiching hogeschool viaa,De ZorgZaak,Netherlands,other,unknown,https://www.viaa.nl/samenwerkingspartners/regiocampus/,"De Regiocampus is een coöperatie waarin de leden Zorggroep Noorderboog, Isala Diaconessenhuis en de onderwijspartners Deltion College, Christelijke Hogeschool Windesheim, Drenthe college en Hogeschool Viaa hun krachten bundelen. De coöperatie werkt ook samen met de gemeente Meppel, Gemeente Steenwijkerland, RSG Stad & Esch, De ZorgZaak en de Rabobank. Naast de eerste zes partijen, is het voor ieder ander bedrijf, onderwijs- en onderzoeksinstelling mogelijk om deel te nemen in de coöperatie.",0.9,no,cited page was not read by the fetcher (cannot check),2026-10-04T07:58:46Z
r027,Stiching hogeschool viaa,Rabobank,Netherlands,company,unknown,https://www.viaa.nl/samenwerkingspartners/regiocampus/,"De Regiocampus is een coöperatie waarin de leden Zorggroep Noorderboog, Isala Diaconessenhuis en de onderwijspartners Deltion College, Christelijke Hogeschool Windesheim, Drenthe college en Hogeschool Viaa hun krachten bundelen. De coöperatie werkt ook samen met de gemeente Meppel, Gemeente Steenwijkerland, RSG Stad & Esch, De ZorgZaak en de Rabobank. Naast de eerste zes partijen, is het voor ieder ander bedrijf, onderwijs- en onderzoeksinstelling mogelijk om deel te nemen in de coöperatie.",0.9,no,cited page was not read by the fetcher (cannot check),2026-10-04T07:58:46Z
r027,Stiching hogeschool viaa,Landstede mbo,Netherlands,college,unknown,https://www.viaa.nl/samenwerkingspartners/campus-kind-en-educatie/,"Hogeschool Viaa, Hogeschool KPZ, Landstede mbo, Menso Alting Zwolle en Prokino werken samen in de Campus Kind en Educatie. De Campus Kind en Educatie is onderdeel van het Innovatiecluster Kind en Educatie waar ook Deltion College en Windesheim deel van uit maken.",0.9,no,cited page was not read by the fetcher (cannot check),2026-10-04T07:58:46Z
r027,Stiching hogeschool viaa,Menso Alting Zwolle,Netherlands,other,unknown,https://www.viaa.nl/samenwerkingspartners/campus-kind-en-educatie/,"Hogeschool Viaa, Hogeschool KPZ, Landstede mbo, Menso Alting Zwolle en Prokino werken samen in de Campus Kind en Educatie. De Campus Kind en Educatie is onderdeel van het Innovatiecluster Kind en Educatie waar ook Deltion College en Windesheim deel van uit maken.",0.9,no,cited page was not read by the fetcher (cannot check),2026-10-04T07:58:46Z
r027,Stiching hogeschool viaa,Prokino,Netherlands,other,unknown,https://www.viaa.nl/samenwerkingspartners/campus-kind-en-educatie/,"Hogeschool Viaa, Hogeschool KPZ, Landstede mbo, Menso Alting Zwolle en Prokino werken samen in de Campus Kind en Educatie. De Campus Kind en Educatie is onderdeel van het Innovatiecluster Kind en Educatie waar ook Deltion College en Windesheim deel van uit maken.",0.9,no,cited page was not read by the fetcher (cannot check),2026-10-04T07:58:46Z
r027,Stiching hogeschool viaa,Windesheim,Netherlands,university,unknown,https://www.viaa.nl/samenwerkingspartners/campus-kind-en-educatie/,"Hogeschool Viaa, Hogeschool KPZ, Landstede mbo, Menso Alting Zwolle en Prokino werken samen in de Campus Kind en Educatie. De Campus Kind en Educatie is onderdeel van het Innovatiecluster Kind en Educatie waar ook Deltion College en Windesheim deel van uit maken.",0.9,no,cited page was not read by the fetcher (cannot check),2026-10-04T07:58:46Z
r027,Stiching hogeschool viaa,Uniwersytet Pedagogiczny w Komisji Edukaji Narodowej Krakowie,Poland,university,unknown,https://www.viaa.nl/en/nett-devise-erasmus-helps-practising-what-we-preach/,"Facilitating increased virtual exchange will discontinue putting a strain on the environment and will be more inclusive because it will offer opportunities to those students excluded from exchange programmes so far. In this process, Viaa cooperates with Uniwersytet Pedagogiczny in Komisji Edukaji Narodowej Krakowie, Pädagogische Hochschule Freiburg, Pädagogische Hochschule Ludwigsburg and Arnhem and Nijmegen University of Applied Sciences (HAN).",0.9,no,cited page was not read by the fetcher (cannot check),2026-10-04T07:58:46Z
r027,Stiching hogeschool viaa,Pädagogische Hochschule Freiburg,Germany,university,unknown,https://www.viaa.nl/en/nett-devise-erasmus-helps-practising-what-we-preach/,"Facilitating increased virtual exchange will discontinue putting a strain on the environment and will be more inclusive because it will offer opportunities to those students excluded from exchange programmes so far. In this process, Viaa cooperates with Uniwersytet Pedagogiczny in Komisji Edukaji Narodowej Krakowie, Pädagogische Hochschule Freiburg, Pädagogische Hochschule Ludwigsburg and Arnhem and Nijmegen University of Applied Sciences (HAN).",0.9,no,cited page was not read by the fetcher (cannot check),2026-10-04T07:58:46Z
r027,Stiching hogeschool viaa,Pädagogische Hochschule Ludwigsburg,Germany,university,unknown,https://www.viaa.nl/en/nett-devise-erasmus-helps-practising-what-we-preach/,"Facilitating increased virtual exchange will discontinue putting a strain on the environment and will be more inclusive because it will offer opportunities to those students excluded from exchange programmes so far. In this process, Viaa cooperates with Uniwersytet Pedagogiczny in Komisji Edukaji Narodowej Krakowie, Pädagogische Hochschule Freiburg, Pädagogische Hochschule Ludwigsburg and Arnhem and Nijmegen University of Applied Sciences (HAN).",0.9,no,cited page was not read by the fetcher (cannot check),2026-10-04T07:58:46Z
r027,Stiching hogeschool viaa,Arnhem and Nijmegen University of Applied Sciences (HAN),Netherlands,university,unknown,https://www.viaa.nl/en/nett-devise-erasmus-helps-practising-what-we-preach/,"Facilitating increased virtual exchange will discontinue putting a strain on the environment and will be more inclusive because it will offer opportunities to those students excluded from exchange programmes so far. In this process, Viaa cooperates with Uniwersytet Pedagogiczny in Komisji Edukaji Narodowej Krakowie, Pädagogische Hochschule Freiburg, Pädagogische Hochschule Ludwigsburg and Arnhem and Nijmegen University of Applied Sciences (HAN).",0.9,no,cited page was not read by the fetcher (cannot check),2026-10-04T07:58:46Z
r027,Stiching hogeschool viaa,Regionale Kenniswerkplaats IJsselland,Netherlands,other,unknown,https://www.viaa.nl/samenwerkingspartners/,Regionale Kenniswerkplaats IJsselland,0.9,no,cited page was not read by the fetcher (cannot check),2026-10-04T07:58:46Z
r027,Stiching hogeschool viaa,Regionale Kenniswerkplaats Jeugd Noord-Veluwe,Netherlands,other,unknown,https://www.viaa.nl/samenwerkingspartners/,Regionale Kenniswerkplaats Jeugd Noord-Veluwe,0.9,no,cited page was not read by the fetcher (cannot check),2026-10-04T07:58:46Z
r027,Stiching hogeschool viaa,Werkplaats Sociaal Domein,Netherlands,other,unknown,https://www.viaa.nl/samenwerkingspartners/,Werkplaats Sociaal Domein,0.9,no,cited page was not read by the fetcher (cannot check),2026-10-04T07:58:46Z
r027,Stiching hogeschool viaa,Zwolse8,Netherlands,other,unknown,https://www.viaa.nl/samenwerkingspartners/,Zwolse8,0.9,no,cited page was not read by the fetcher (cannot check),2026-10-04T07:58:46Z
r027,Stiching hogeschool viaa,Health Valley,Netherlands,other,unknown,https://www.viaa.nl/samenwerkingspartners/,Health Valley,0.9,no,cited page was not read by the fetcher (cannot check),2026-10-04T07:58:46Z
r027,Stiching hogeschool viaa,Regiocampus,Netherlands,other,unknown,https://www.viaa.nl/samenwerkingspartners/,Regiocampus,0.9,no,cited page was not read by the fetcher (cannot check),2026-10-04T07:58:46Z
r027,Stiching hogeschool viaa,Scope Samen Opleiden,Netherlands,other,unknown,https://www.viaa.nl/samenwerkingspartners/,Scope Samen Opleiden,0.9,no,cited page was not read by the fetcher (cannot check),2026-10-04T07:58:46Z
r027,Stiching hogeschool viaa,Radiant,Netherlands,other,unknown,https://www.viaa.nl/samenwerkingspartners/,Radiant,0.9,no,cited page was not read by the fetcher (cannot check),2026-10-04T07:58:46Z
r027,Stiching hogeschool viaa,Penta Nova,Netherlands,other,unknown,https://www.viaa.nl/samenwerkingspartners/,Penta Nova,0.9,no,cited page was not read by the fetcher (cannot check),2026-10-04T07:58:46Z
r027,Stiching hogeschool viaa,Campus Kind en Educatie,Netherlands,other,unknown,https://www.viaa.nl/samenwerkingspartners/,Campus Kind en Educatie,0.9,no,cited page was not read by the fetcher (cannot check),2026-10-04T07:58:46Z
r077,STREDNI ZDRAVOTNICKA SKOLA,Strednja zdravstvena sola Ljubljana,Slovenia,school,unknown,https://szsvinohrady.cz/projekty/erasmus/comparison-of-barrier-nursing-in-medical-facilities-in-slovenia-turkey-and-czech-republic.23,"Od října 2016 do konce února 2018 byl na naší škole realizován projekt podpořený programem Erasmus +. Jednalo se o projekt spolupráce v oblasti odborného vzdělávání. Naše škola se stala příjemcem grantu. Partnery v projektu byly Strednja zdravstvena sola Ljubljana ze Slovinska a Gumushacikoy Mesleki ve Teknik Anadolu Lisesi z Turecka. Projektu se zúčastnilo celkem 18 žáků, kteří měli za úkol porovnat bariérovou ošetřovatelskou péči v Turecku, Slovinsku a České republice. Výstupem projektu bylo p",0.9,no,cited page was not read by the fetcher (cannot check),2026-10-04T08:26:48Z
r077,STREDNI ZDRAVOTNICKA SKOLA,Gumushacikoy Mesleki ve Teknik Anadolu Lisesi,Turkey,school,unknown,https://szsvinohrady.cz/projekty/erasmus/comparison-of-barrier-nursing-in-medical-facilities-in-slovenia-turkey-and-czech-republic.23,"Od října 2016 do konce února 2018 byl na naší škole realizován projekt podpořený programem Erasmus +. Jednalo se o projekt spolupráce v oblasti odborného vzdělávání. Naše škola se stala příjemcem grantu. Partnery v projektu byly Strednja zdravstvena sola Ljubljana ze Slovinska a Gumushacikoy Mesleki ve Teknik Anadolu Lisesi z Turecka. Projektu se zúčastnilo celkem 18 žáků, kteří měli za úkol porovnat bariérovou ošetřovatelskou péči v Turecku, Slovinsku a České republice. Výstupem projektu bylo p",0.9,no,cited page was not read by the fetcher (cannot check),2026-10-04T08:26:48Z
r129,UNIVERSITE GRENOBLE ALPES,Association Alliance Franco-Taïwanaise AURA,France,other,unknown,https://www.univ-grenoble-alpes.fr/semi-conducteurs-quels-enjeux-pour-la-cooperation-france-taiwan--1811326.kjsp?RH=1769441078339,"Yassine Lakhnech, Président de l'Université Grenoble Alpes, et Hugo Kuo, Président de l'Association Alliance Franco-Taïwanaise AURA, ont le plaisir de vous inviter à la conférence ""Semi-conducteurs : quels enjeux pour la coopération France-Taïwan ?"", le 20 octobre 2026 dans l’auditorium Grenoble INP - UGA sur la Presqu'île scientifique de Grenoble.",0.9,no,cited page was not read by the fetcher (cannot check),2026-10-04T08:28:39Z
r129,UNIVERSITE GRENOBLE ALPES,Mobicoop,France,company,unknown,https://www.univ-grenoble-alpes.fr/stand-sur-la-transformation-ecologique-et-la-mobilite-valence-1808967.kjsp?RH=1769439721486,"Ce stand est aussi l'occasion de s'informer sur le lancement de ""Covoit'UGA"" en partenariat avec Mobicoop. Covoit'UGA est un espace de réservation de covoiturage dédié aux personnels et étudiants à l'Université Grenoble Alpes pour favoriser le covoiturage entre Grenoble et Valence. Un cours à donner ou à suivre ? Voyager en groupe !",0.9,no,cited page was not read by the fetcher (cannot check),2026-10-04T08:28:39Z
r129,UNIVERSITE GRENOBLE ALPES,École nationale supérieure d'architecture de Grenoble - UGA,France,school,unknown,https://www.univ-grenoble-alpes.fr/,"L'École nationale supérieure d'architecture de Grenoble - UGA, Grenoble INP - UGA et Sciences Po Grenoble - UGA sont des établissements-composantes.",0.9,no,cited page was not read by the fetcher (cannot check),2026-10-04T08:28:39Z
r129,UNIVERSITE GRENOBLE ALPES,Sciences Po Grenoble - UGA,France,school,unknown,https://www.univ-grenoble-alpes.fr/,"L'École nationale supérieure d'architecture de Grenoble - UGA, Grenoble INP - UGA et Sciences Po Grenoble - UGA sont des établissements-composantes.",0.9,no,cited page was not read by the fetcher (cannot check),2026-10-04T08:28:39Z
r129,UNIVERSITE GRENOBLE ALPES,ENSAG - UGA,France,school,unknown,https://www.univ-grenoble-alpes.fr/,"Nous sommes sur le campus en 2050, et il s’agit de construire uniquement avec des matériaux de réemploi ! C’est le défi lancé aux 40 étudiantes et étudiants de master 2 issus des filières génie civil et architecture réunis pour la 18e édition de l’atelier pédagogique intensif de construction en matériaux de réemploi porté par des enseignants-chercheurs de la Faculté des sciences de l’UGA et de l’ENSAG – UGA. Pendant deux semaines, futurs ingénieurs et architectes ont imaginé puis construit deux ",0.9,no,cited page was not read by the fetcher (cannot check),2026-10-04T08:28:39Z
r131,STREDNI ZDRAVOTNICKA SKOLA,Strednja zdravstvena sola Ljubljana,Slovenia,school,unknown,https://szsvinohrady.cz/projekty/erasmus/comparison-of-barrier-nursing-in-medical-facilities-in-slovenia-turkey-and-czech-republic.23,"Od října 2016 do konce února 2018 byl na naší škole realizován projekt podpořený programem Erasmus +. Jednalo se o projekt spolupráce v oblasti odborného vzdělávání. Naše škola se stala příjemcem grantu. Partnery v projektu byly Strednja zdravstvena sola Ljubljana ze Slovinska a Gumushacikoy Mesleki ve Teknik Anadolu Lisesi z Turecka. Projektu se zúčastnilo celkem 18 žáků, kteří měli za úkol porovnat bariérovou ošetřovatelskou péči v Turecku, Slovinsku a České republice. Výstupem projektu bylo p",0.9,no,cited page was not read by the fetcher (cannot check),2026-10-04T08:28:39Z
r131,STREDNI ZDRAVOTNICKA SKOLA,Gumushacikoy Mesleki ve Teknik Anadolu Lisesi,Turkey,school,unknown,https://szsvinohrady.cz/projekty/erasmus/comparison-of-barrier-nursing-in-medical-facilities-in-slovenia-turkey-and-czech-republic.23,"Od října 2016 do konce února 2018 byl na naší škole realizován projekt podpořený programem Erasmus +. Jednalo se o projekt spolupráce v oblasti odborného vzdělávání. Naše škola se stala příjemcem grantu. Partnery v projektu byly Strednja zdravstvena sola Ljubljana ze Slovinska a Gumushacikoy Mesleki ve Teknik Anadolu Lisesi z Turecka. Projektu se zúčastnilo celkem 18 žáků, kteří měli za úkol porovnat bariérovou ošetřovatelskou péči v Turecku, Slovinsku a České republice. Výstupem projektu bylo p",0.9,no,cited page was not read by the fetcher (cannot check),2026-10-04T08:28:39Z
r154,1st General Lyceum of Tripoli,Italian school,Italy,school,unknown,https://1lyk-kater.pie.sch.gr/category/erasmus/,Ιταλοί μαθητές στο πλαίσιο Erasmus+ στο 1ο ΓΕ.Λ.,0.9,no,cited page was not read by the fetcher (cannot check),2026-10-04T08:29:24Z
r154,1st General Lyceum of Tripoli,Polish school,Poland,school,unknown,https://1lyk-kater.pie.sch.gr/category/erasmus/,Υποδοχή Πολωνικού σχολείου και συνεργασία στο πλαίσιο Erasmus+ στο 1ο ΓΕΛ ΚΑΤΕΡΙΝΗΣ,0.9,no,cited page was not read by the fetcher (cannot check),2026-10-04T08:29:24Z
r154,1st General Lyceum of Tripoli,Romanian school,Romania,school,unknown,https://1lyk-kater.pie.sch.gr/category/erasmus/,Συμμετοχή του 1ου ΓΕ.Λ. σε Πρόγραμμα Erasmus- Υποδοχή σχολείου από την Ρουμανία,0.9,no,cited page was not read by the fetcher (cannot check),2026-10-04T08:29:24Z
