row_id,url,how,saved_at
r003,https://www.utenos-kolegija.lt/,email domain,2026-10-07
r001,https://fg.ull.es/,email domain,2026-10-07
r002,https://www.ensad.fr/fr,email domain,2026-10-07
r005,https://www.hfmt-hamburg.de/,Wikidata,2026-10-07
r004,https://www.eigsi.fr/,email domain,2026-10-07
r007,https://www.aho.no/,email domain,2026-10-07
r008,https://iadt.ie/,email domain,2026-10-07
r009,https://www.hech.be/fr,email domain,2026-10-07
r010,https://www.eh-hessen.de/studium/studienstandort-darmstadt/,Wikidata,2026-10-07
r011,https://gfe.hu/,web search (DuckDuckGo),2026-10-07
r013,https://www.cofac.pt/,web search (DuckDuckGo),2026-10-07
r012,https://www.bas.bg/,Wikidata,2026-10-07
r018,https://h-da.de/,email domain,2026-10-07
r020,https://constructor.university/,email domain,2026-10-07
r019,https://campusdelmar.com/,email domain,2026-10-07
r021,https://constructor.university/,email domain,2026-10-07
r022,https://www.wsei.pl/,email domain,2026-10-07
r023,https://universidadeuropea.com/,email domain,2026-10-07
