row_id,institution,campus_name,country,city,role,source_url,evidence_quote,verified,verify_note,scraped_at
r001,Cologne Business School,Business School der Universität zu Köln,Germany,Köln,main,https://business-school.uni-koeln.de/de/business-school/kontakt,Business School der Universität zu Köln,yes,quote found on page,2026-09-30T07:21:10Z
r002,ESCP Business School,Berlin Campus,Germany,Berlin,international,https://escp.eu/,Berlin,yes,quote found on page,2026-09-30T07:18:26Z
r002,ESCP Business School,London Campus,UK,London,international,https://escp.eu/,London,yes,quote found on page,2026-09-30T07:18:26Z
r002,ESCP Business School,Madrid Campus,Spain,Madrid,international,https://escp.eu/,Madrid,yes,quote found on page,2026-09-30T07:18:26Z
r002,ESCP Business School,Paris Campus,France,Paris,main,https://escp.eu/,Paris,yes,quote found on page,2026-09-30T07:18:26Z
r002,ESCP Business School,Turin Campus,Italy,Turin,international,https://escp.eu/,Turin,yes,quote found on page,2026-09-30T07:18:26Z
r002,ESCP Business School,Warsaw Campus,Poland,Warsaw,international,https://escp.eu/,Warsaw,yes,quote found on page,2026-09-30T07:18:26Z
r002,ESCP Business School,Dubai,UAE,Dubai,branch,https://escp.eu/,Dubai,yes,quote found on page,2026-09-30T07:18:26Z
r003,University of Oviedo,El Cristo A,Spain,Oviedo,main,https://www.uniovi.es/,El Cristo A,yes,quote found on page,2026-09-30T07:20:32Z
r003,University of Oviedo,El Cristo B,Spain,Oviedo,main,https://www.uniovi.es/,El Cristo B,yes,quote found on page,2026-09-30T07:20:32Z
r003,University of Oviedo,El Milán,Spain,Oviedo,main,https://www.uniovi.es/,El Milán,yes,quote found on page,2026-09-30T07:20:32Z
r003,University of Oviedo,Gijón,Spain,Gijón,main,https://www.uniovi.es/,Gijón,yes,quote found on page,2026-09-30T07:20:32Z
r003,University of Oviedo,Llamaquique,Spain,Oviedo,main,https://www.uniovi.es/,LLamaquique,yes,quote found on page,2026-09-30T07:20:32Z
r003,University of Oviedo,Mieres,Spain,Mieres,main,https://www.uniovi.es/,Mieres,yes,quote found on page,2026-09-30T07:20:32Z
r004,European University Cyprus,Nicosia Campus,Cyprus,Nicosia,main,https://euc.ac.cy/en/,"Nicosia, Cyprus",yes,quote found on page,2026-09-30T07:20:27Z
r004,European University Cyprus,Frankfurt Campus,Germany,Frankfurt,branch,https://euc.ac.cy/en/,"Frankfurt, Germany",yes,quote found on page,2026-09-30T07:20:27Z
r004,European University Cyprus,EUC Athens,Greece,Athens,branch,https://euc.ac.cy/en/,European University Cyprus Granted Official License to Establish and Operate EUC Athens in Greece,yes,quote found on page,2026-09-30T07:20:27Z
r005,University of Warsaw,"Wydział Dziennikarstwa, Informacji i Bibliologii UW",Poland,Warszawa,main,https://www.wdib.uw.edu.pl/,"ul. Bednarska 2/4, 00-310 Warszawa",yes,quote found on page,2026-09-30T07:19:45Z
r005,University of Warsaw,"Faculty of Journalism, Information and Book Studies",Poland,Warszawa,main,https://www.wdib.uw.edu.pl/in-english#research-support,"Address: Nowy Świat 69, 00-046 Warszawa, room 39",yes,quote found on page,2026-09-30T07:19:45Z
r006,Masaryk University,Masaryk University,Czech Republic,Brno,main,https://www.muni.cz/kontakty,"Žerotínovo nám. 617/9, 601 77 Brno, Rektorát",yes,quote found on page,2026-09-30T07:19:49Z
r007,Vilnius University,Vilnius University,Lithuania,Vilnius,main,https://www.vu.lt/,"Universiteto g. 3, LT-01513 Vilnius",yes,quote found on page,2026-09-30T07:20:33Z
r008,University of Ljubljana,Univerza v Ljubljani,Slovenia,Ljubljana,main,https://www.uni-lj.si/,"Kongresni trg 12, 1000 Ljubljana",yes,quote found on page,2026-09-30T07:22:49Z
r010,University of Twente,University of Twente,Netherlands,Enschede,main,https://www.utwente.nl,"Je studententijd is meer dan met je neus in de boeken zitten of in de bibliotheek studeren voor je aankomende tentamens. Zie jij jezelf al in een studententeam? Bij een vereniging? Of leef je je liever uit op het veld, samen met je vrienden?️ Hoe je het ook voor je ziet: op de campus van de Universiteit Twente in Enschede haal jij het maximale uit je studententijd!",yes,quote found on page,2026-09-30T07:21:50Z
