INSTITUTION,CONTACT,RESPONSIBLE PERSON,RESPONSIBLE PERSON DESIGNATION,EMAIL,STATUS,REMARK,,,,,,,,,,,,,,,,,,
ECOLE NATIONALE,33561193800,-,ERASMUS COORDINATOR,,,,,,,,,,,,,,,,,,,,,
IES PABLO PICASA,34916921536,-,ERASMUS COORDINATOR,,,,,,,,,,,,,,,,,,,,,
UOND,4572690000,-,ERASMUS COORDINATOR,,,,,,,,,,,,,,,,,,,,,
420322312622,420322312622,Kukrikova,ERASMUS COORDINATOR,,,,,,,,,,,,,,,,,,,,,
4936167075470,4936167075470,,ERASMUS COORDINATOR,,,,,,,,,,,,,,,,,,,,,
Antonio Fiengo Academia Europia,390412413752,-,ERASMUS COORDINATOR,,,,,,,,,,,,,,,,,,,,,
POLIMODA FASHION INS,39055275061,Ferruccio Ferragama,ERASMUS COORDINATOR,,,,,,,,,,,,,,,,,,,,,
Sapientia Szerzetesi,3614864400,-,ERASMUS COORDINATOR,,,,,,,,,,,,,,,,,,,,,
"""FUNDACION CPA SALDUIE                 """,34976522741,ALEXANDRA,ERASMUS COORDINATOR,,,,,,,,,,,,,,,,,,,,,
34918797129,34918797129,ANDREU,ERASMUS COORDINATOR,,,,,,,,,,,,,,,,,,,,,
IES MATEO ALIMAN,34918882431,SUZANA,ERASMUS COORDINATOR,,,,,,,,,,,,,,,,,,,,,
NLA,4755540700,ELIZABETH SSOVDE,ERASMUS COORDINATOR,,,,,,,,,,,,,,,,,,,,,
OSENGO,33687027066,Marie,ERASMUS COORDINATOR,,not available,,,,,,,,,,,,,,,,,,,
UNIVERSIDAD INTERNACIONAL DE LA RIOJA SA,34941299092,-,ERASMUS COORDINATOR,,,,,,,,,,,,,,,,,,,,,
Institut de formation en soins i,333385275107,-,ERASMUS COORDINATOR,,,,,,,,,,,,,,,,,,,,,
351251809760,351251809760,Margarete,ERASMUS COORDINATOR,,,,,,,,,,,,,,,,,,,,,
CIFP CIUDAD DE ZAMORA,34881866575,EVA,ERASMUS COORDINATOR,,,,,,,,,,,,,,,,,,,,,
48225192289,48225192289,IRO KOZMINSKI,ERASMUS COORDINATOR,,,,,,,,,,,,,,,,,,,,,
Ecole Superieure Billieres,33562485485,Fabine Viala,ERASMUS COORDINATOR,,,,,,,,,,,,,,,,,,,,,
Lycée Hôtelier Guillaume Tirel,33144841900,Croizat,ERASMUS COORDINATOR,,,,,,,,,,,,,,,,,,,,,
Fundacion Canaria ICSE,34961206210,-,ERASMUS COORDINATOR,,,,,,,,,,,,,,,,,,,,,
34985288863,34985288863,Miss Elisa,ERASMUS COORDINATOR,,not available,,,,,,,,,,,,,,,,,,,
IES La Minilla,34928270402,Manuel Fuentes,ERASMUS COORDINATOR,,,,,,,,,,,,,,,,,,,,,
"Jelgavas Cities Municipality,",37163005535,-,ERASMUS COORDINATOR,,,,,,,,,,,,,,,,,,,,,
IES ADALAN,34976281943,-,ERASMUS COORDINATOR,,,,,,,,,,,,,,,,,,,,,
Stredna prienyselna skola,421557968151,-,ERASMUS COORDINATOR,,,,,,,,,,,,,,,,,,,,,
Stiching hogeschool viaa,31384255542,MALINDA LISTING,ERASMUS COORDINATOR,,,,,,,,,,,,,,,,,,,,,
IES DOMINGO MINIK,34922478771,GILME,ERASMUS COORDINATOR,,,,,,,,,,,,,,,,,,,,,
34646552845,34646552845,ROSA,ERASMUS COORDINATOR,,,,,,,,,,,,,,,,,,,,,
,,,,,Language barrier,,,,,,,,,,,,,,,,,,,
FUELLANA CENTRO,34916144729,ANNA,ERASMUS COORDINATOR,,,,,,,,,,,,,,,,,,,,,
33387396145,33387396145,EBMEVARKI,ERASMUS COORDINATOR,,,,,,,,,,,,,,,,,,,,,
390883654396,390883654396,-,ERASMUS COORDINATOR,,,,,,,,,,,,,,,,,,,,,
Escola Superior de Enfermagem Cruz Vermelha Portuguesa -,351276301690,Eduardo,INTERNATIONAL COORDINATOR,,,,,,,,,,,,,,,,,,,,,
34957474750,34957474750,ANNA MARIA,ERASMUS COORDINATOR,,,,,,,,,,,,,,,,,,,,,
IES FUENTESNUEVAS,34987455671,CARLOS,ERASMUS COORDINATOR,,,,,,,,,,,,,,,,,,,,,
34932853491,34932853491,XAVIER FERNANDEZ,ERASMUS COORDINATOR,,,,,,,,,,,,,,,,,,,,,
LYCEE ENS GEN,33235128888,MADAU,ERASMUS COORDINATOR,,,,,,,,,,,,,,,,,,,,,
33299311280,33299311280,SALONI BILL,ERASMUS COORDINATOR,,,,,,,,,,,,,,,,,,,,,
33387396145,33387396145,BILAL,ERASMUS COORDINATOR,,nil,,,,,,,,,,,,,,,,,,,
ICSE CANARIA,34828906210,-,ERASMUS COORDINATOR,,,,,,,,,,,,,,,,,,,,,
IES PUCOL,34961205985,-,ERASMUS COORDINATOR,,,,,,,,,,,,,,,,,,,,,
351217214000,351217214000,-,ERASMUS COORDINATOR,,,,,,,,,,,,,,,,,,,,,
CIFP PLASENSIA,34927017807,-,ERASMUS COORDINATOR,,,,,,,,,,,,,,,,,,,,,
351224630137,351224630137,-,ERASMUS COORDINATOR,,,,,,,,,,,,,,,,,,,,,
33545974500,33545974500,-,ERASMUS COORDINATOR,,,,,,,,,,,,,,,,,,,,,
37167409264,37167409264,ANECET,ERASMUS COORDINATOR,,,,,,,,,,,,,,,,,,,,,
37167500265,37167500265,-,ERASMUS COORDINATOR,,,,,,,,,,,,,,,,,,,,,
IES ARENAL,34971443462,EEZAFAS NOVAS,ERASMUS COORDINATOR,,,,,,,,,,,,,,,,,,,,,
UNIWERSYTET OLSZTYNIEUNIWERSYTET OLSZTYNIE,857457089,Joanna,ERASMUS COORDINATOR,,,,,,,,,,,,,,,,,,,,,
46317721000,46317721000,ALEXANDRA,ERASMUS COORDINATOR,,,,,,,,,,,,,,,,,,,,,
lycée Curie bonjour,33492105440,-,ERASMUS COORDINATOR,,,,,,,,,,,,,,,,,,,,,
33180824904,33180824904,-,ERASMUS COORDINATOR,,,,,,,,,,,,,,,,,,,,,
MFR Flixecourt,33322516457,-,ERASMUS COORDINATOR,,,,,,,,,,,,,,,,,,,,,
SYDANSK UNIVERSITET,4565501000,THOMAS,ERASMUS COORDINATOR,,full name?,,,,,,,,,,,,,,,,,,,
IES Garachico Alcalde Lorenzo Dorta,34922478772,ROBERTO FERNAND,ERASMUS COORDINATOR,,not answered,,,,,,,,,,,,,,,,,,,
FUNDACION CANARIA GENERAL DE LA UNIVERSIDAD DE,34922319929,-,ERASMUS COORDINATOR,,,,,,,,,,,,,,,,,,,,,
AGECE CHARLES PEGUY,33240544800,-,ERASMUS COORDINATOR,,,,,,,,,,,,,,,,,,,,,
Groupe Ecole Supérieure du Bois,34961205925,ALECE,ERASMUS COORDINATOR,,n english,,,,,,,,,,,,,,,,,,,
Instituto Educativo Padre Afonso Luisier SJ - Instituto Nun' Alv,34961205925,MANUELA,ERASMUS COORDINATOR,,no english,,,,,,,,,,,,,,,,,,,
ESCUELA SUPERIOR DE ARTE DRAMÁTICO DE CASTILLA,34983268255,-,ERASMUS COORDINATOR,,,,,,,,,,,,,,,,,,,,,
GROUPE EAC - ING,33147702383,ARTHUR,ERASMUS COORDINATOR,,in an hour busy,,,,,,,,,,,,,,,,,,,
Veleuciliste u Slavonskom Brodu,33457422142,-,ERASMUS COORDINATOR,,,,,,,,,,,,,,,,,,,,,
UNIVERSITE GRENOBLE ALPES,,-,ERASMUS COORDINATOR,,,,,,,,,,,,,,,,,,,,,
MAELARDALENS HOEGSKOLA,4621101300,-,ERASMUS COORDINATOR,,,,,,,,,,,,,,,,,,,,,
31302753400,31302753400,-,ERASMUS COORDINATOR,,,,,,,,,,,,,,,,,,,,,
420596764710,420596764710,ROBERTO FERNAND,ERASMUS COORDINATOR,,,,,,,,,,,,,,,,,,,,,
IBS Nemzetközi Üzleti Foiskola,3615888613,-,ERASMUS COORDINATOR,,,,,,,,,,,,,,,,,,,,,
KIRCHLICHE PÄDAGOGISCHE HOCHSCHULE WIEN / KRE,43129108104,,ERASMUS COORDINATOR,,,,,,,,,,,,,,,,,,,,,
43274271840,43274271840,,ERASMUS COORDINATOR,,,,,,,,,,,,,,,,,,,,,
Major vidusskola,37167761666,,ERASMUS COORDINATOR,,,,,,,,,,,,,,,,,,,,,
3613209805,3613209805,,ERASMUS COORDINATOR,,,,,,,,,,,,,,,,,,,,,
35621472255,35621472255,,ERASMUS COORDINATOR,,,,,,,,,,,,,,,,,,,,,
Paide Gümnaasium,3725040945,,ERASMUS COORDINATOR,,,,,,,,,,,,,,,,,,,,,
UNIVERSITE GRENOBLE ALPES,31165543871,,ERASMUS COORDINATOR,,,,,,,,,,,,,,,,,,,,,
31306040900,31306040900,,ERASMUS COORDINATOR,,,,,,,,,,,,,,,,,,,,,
STREDNI ZDRAVOTNICKA SKOLA,420481322723,,ERASMUS COORDINATOR,,,,,,,,,,,,,,,,,,,,,
CENTRO PÚBLICO INTEGRADO DE FORMACIÓN PROFES,34976467000,,ERASMUS COORDINATOR,,,,,,,,,,,,,,,,,,,,,
34944028000,34944028000,JUGABX,ERASMUS COORDINATOR,,,,,,,,,,,,,,,,,,,,,
IES EMILIO JIMENO,34976881009,,ERASMUS COORDINATOR,,,,,,,,,,,,,,,,,,,,,
34981203000,34981203000,NURIA,ERASMUS COORDINATOR,,,,,,,,,,,,,,,,,,,,,
49274293370,49274293370,,ERASMUS COORDINATOR,,,,,,,,,,,,,,,,,,,,,
46215401911,46215401911,-,ERASMUS COORDINATOR,,,,,,,,,,,,,,,,,,,,,
4980318052118,4980318052118,-,ERASMUS COORDINATOR,,,,,,,,,,,,,,,,,,,,,
"Fliedner Fachhochschule Düsseldorf, University of Applied Sci",492114093284,-,ERASMUS COORDINATOR,,,,,,,,,,,,,,,,,,,,,
34916698191,34916698191,,ERASMUS COORDINATOR,,,,,,,,,,,,,,,,,,,,,
UNIVERSITY OF AEGEAN,302251037409,,ERASMUS COORDINATOR,,,,,,,,,,,,,,,,,,,,,
34954405446,34954405446,,ERASMUS COORDINATOR,,,,,,,,,,,,,,,,,,,,,
33145142828,33145142828,,ERASMUS COORDINATOR,,,,,,,,,,,,,,,,,,,,,
33243624650,33243624650,,ERASMUS COORDINATOR,,,,,,,,,,,,,,,,,,,,,
VISOKA POSLOVNA SKOLA PAR,34944028000,-,ERASMUS COORDINATOR,,,,,,,,,,,,,,,,,,,,,
2nd Model General Lyceum of Athens,302106436784,-,ERASMUS COORDINATOR,,,,,,,,,,,,,,,,,,,,,
1st General Lyceum of Artemida,1st General Lyceum,-,ERASMUS COORDINATOR,,,,,,,,,,,,,,,,,,,,,
4930420246920,4930420246920,-,ERASMUS COORDINATOR,,,,,,,,,,,,,,,,,,,,,
2nd Second-chance School of Larisa,302410671065,-,ERASMUS COORDINATOR,,,,,,,,,,,,,,,,,,,,,
1st General Lyceum of Agrinio,302641046155,-,ERASMUS COORDINATOR,,,,,,,,,,,,,,,,,,,,,
3rd General Lyceum of Serres,302321023584,-,ERASMUS COORDINATOR,,,,,,,,,,,,,,,,,,,,,
STUCOM ESART SL,34933015696,-,ERASMUS COORDINATOR,,,,,,,,,,,,,,,,,,,,,
34972267012,34972267012,,ERASMUS COORDINATOR,,,,,,,,,,,,,,,,,,,,,
1st General Lyceum of Tripoli,302710225969,,ERASMUS COORDINATOR,,,,,,,,,,,,,,,,,,,,,
"1st General Lyceum of Herakleion, Crete",302810346092,,ERASMUS COORDINATOR,,,,,,,,,,,,,,,,,,,,,
421557968151,421557968151,,ERASMUS COORDINATOR,,,,,,,,,,,,,,,,,,,,,
3211539970,3211539970,,ERASMUS COORDINATOR,,,,,,,,,,,,,,,,,,,,,
49833196490,49833196490,,ERASMUS COORDINATOR,,,,,,,,,,,,,,,,,,,,,
33556006932,33556006932,,ERASMUS COORDINATOR,,,,,,,,,,,,,,,,,,,,,
IES 9 D'OCTUBRE,34962980150,,ERASMUS COORDINATOR,,,,,,,,,,,,,,,,,,,,,
33241235555,33241235555,,ERASMUS COORDINATOR,,,,,,,,,,,,,,,,,,,,,
CIOR Escola Profissional,351252301210,-,ERASMUS COORDINATOR,,,,,,,,,,,,,,,,,,,,,
35952830812,35952830812,-,ERASMUS COORDINATOR,,,,,,,,,,,,,,,,,,,,,
Universida Catolica De Valencia,34963637412,,ERASMUS COORDINATOR,,,,,,,,,,,,,,,,,,,,,
Karpacka Państwowa Uczelnia w Krośnie,48134375500,-,ERASMUS COORDINATOR,,,,,,,,,,,,,,,,,,,,,
ASSOCIATION ISEP - EDOUARD BRANLY,33149545224,-,ERASMUS COORDINATOR,,,,,,,,,,,,,,,,,,,,,
4327328932190,4327328932190,-,ERASMUS COORDINATOR,,,,,,,,,,,,,,,,,,,,,
Ecole des beaux-arts de Nantes Saint-Nazaire,33255586514,-,ERASMUS COORDINATOR,,,,,,,,,,,,,,,,,,,,,
359885702287,359885702287,-,ERASMUS COORDINATOR,,,,,,,,,,,,,,,,,,,,,
"Vyssi odborna skola zdravotnicka Brno, prispevkova organizac",420542213971,-,ERASMUS COORDINATOR,,,,,,,,,,,,,,,,,,,,,
ESCUELA SUPERIOR DE ARTE DRAMÁTICO DE CASTILLA,34983268255,-,ERASMUS COORDINATOR,,,,,,,,,,,,,,,,,,,,,
Veleuciliste u Slavonskom Brodu,33457422142,-,ERASMUS COORDINATOR,,,,,,,,,,,,,,,,,,,,,
UNIVERSITE GRENOBLE ALPES,,-,ERASMUS COORDINATOR,,,,,,,,,,,,,,,,,,,,,
MAELARDALENS HOEGSKOLA,4621101300,-,ERASMUS COORDINATOR,,,,,,,,,,,,,,,,,,,,,
31302753400,31302753400,-,ERASMUS COORDINATOR,,,,,,,,,,,,,,,,,,,,,
IBS Nemzetközi Üzleti Foiskola,3615888613,-,ERASMUS COORDINATOR,,,,,,,,,,,,,,,,,,,,,
KIRCHLICHE PÄDAGOGISCHE HOCHSCHULE WIEN / KRE,43129108104,,ERASMUS COORDINATOR,,,,,,,,,,,,,,,,,,,,,
43274271840,43274271840,,ERASMUS COORDINATOR,,,,,,,,,,,,,,,,,,,,,
Major vidusskola,37167761666,,ERASMUS COORDINATOR,,,,,,,,,,,,,,,,,,,,,
3613209805,3613209805,,ERASMUS COORDINATOR,,,,,,,,,,,,,,,,,,,,,
35621472255,35621472255,,ERASMUS COORDINATOR,,,,,,,,,,,,,,,,,,,,,
Paide Gümnaasium,3725040945,,ERASMUS COORDINATOR,,,,,,,,,,,,,,,,,,,,,
UNIVERSITE GRENOBLE ALPES,31165543871,,ERASMUS COORDINATOR,,,,,,,,,,,,,,,,,,,,,
31306040900,31306040900,,ERASMUS COORDINATOR,,,,,,,,,,,,,,,,,,,,,
STREDNI ZDRAVOTNICKA SKOLA,420481322723,,ERASMUS COORDINATOR,,,,,,,,,,,,,,,,,,,,,
CENTRO PÚBLICO INTEGRADO DE FORMACIÓN PROFES,34976467000,,ERASMUS COORDINATOR,,,,,,,,,,,,,,,,,,,,,
34944028000,34944028000,JUGABX,ERASMUS COORDINATOR,,,,,,,,,,,,,,,,,,,,,
IES EMILIO JIMENO,34976881009,,ERASMUS COORDINATOR,,,,,,,,,,,,,,,,,,,,,
34981203000,34981203000,NURIA,ERASMUS COORDINATOR,,,,,,,,,,,,,,,,,,,,,
49274293370,49274293370,,ERASMUS COORDINATOR,,,,,,,,,,,,,,,,,,,,,
46215401911,46215401911,-,ERASMUS COORDINATOR,,,,,,,,,,,,,,,,,,,,,
4980318052118,4980318052118,-,ERASMUS COORDINATOR,,,,,,,,,,,,,,,,,,,,,
"Fliedner Fachhochschule Düsseldorf, University of Applied Sci",492114093284,-,ERASMUS COORDINATOR,,,,,,,,,,,,,,,,,,,,,
34916698191,34916698191,,ERASMUS COORDINATOR,,,,,,,,,,,,,,,,,,,,,
UNIVERSITY OF AEGEAN,302251037409,,ERASMUS COORDINATOR,,,,,,,,,,,,,,,,,,,,,
34954405446,34954405446,,ERASMUS COORDINATOR,,,,,,,,,,,,,,,,,,,,,
33145142828,33145142828,,ERASMUS COORDINATOR,,,,,,,,,,,,,,,,,,,,,
33243624650,33243624650,,ERASMUS COORDINATOR,,,,,,,,,,,,,,,,,,,,,
VISOKA POSLOVNA SKOLA PAR,34944028000,-,ERASMUS COORDINATOR,,,,,,,,,,,,,,,,,,,,,
2nd Model General Lyceum of Athens,302106436784,-,ERASMUS COORDINATOR,,,,,,,,,,,,,,,,,,,,,
1st General Lyceum of Artemida,1st General Lyceum,-,ERASMUS COORDINATOR,,,,,,,,,,,,,,,,,,,,,
4930420246920,4930420246920,-,ERASMUS COORDINATOR,,,,,,,,,,,,,,,,,,,,,
2nd Second-chance School of Larisa,302410671065,-,ERASMUS COORDINATOR,,,,,,,,,,,,,,,,,,,,,
1st General Lyceum of Agrinio,302641046155,-,ERASMUS COORDINATOR,,,,,,,,,,,,,,,,,,,,,
3rd General Lyceum of Serres,302321023584,-,ERASMUS COORDINATOR,,,,,,,,,,,,,,,,,,,,,
STUCOM ESART SL,34933015696,-,ERASMUS COORDINATOR,,,,,,,,,,,,,,,,,,,,,
34972267012,34972267012,,ERASMUS COORDINATOR,,,,,,,,,,,,,,,,,,,,,
1st General Lyceum of Tripoli,302710225969,,ERASMUS COORDINATOR,,,,,,,,,,,,,,,,,,,,,