University,ID,Batch,Erasmus Director,Name,Surname,Contact Work Email,Contact Work Phone Number,Contacts (URL),Contact Generic Phone Number,Contact Generic Email,Website URL,Campuses (URL),International partnership (URL),HEI Type,HEI Country,Budget,Remarks,,,,
FUNDACION CANARIA GENERAL DE LA UNIVERSIDAD DE LA LAGUNA,883,B2,President,Francisco Javier,García Rodríguez,gerencia@fg.ull.es,34922 319 929,https://fg.ull.es/transparencia/organizativa/#direccion-gerencia,34 922 31 92 00,info@fg.ull.es,https://fg.ull.es/,"https://www.google.com/maps/place/Av.+Trinidad,+61,+38205+La+Laguna,+Santa+Cruz+de+Tenerife,+Spain/@28.482094,-16.3174537,17z/data=!3m1!4b1!4m6!3m5!1s0xc41cdbc095144fd:0x782c7073c31dcf6d!8m2!3d28.482094!4d-16.3174537!16s%2Fg%2F11bw445t29?entry=ttu&g_ep=EgoyMDI1MDQwOC4wIKXMDSoJLDEwMjExNDU1SAFQAw%3D%3D",https://fg.ull.es/innovacion/proyectos-internacionales-ull/,non - profit organization,Spain,"$127,469",,,,,
ECOLE NATIONALE SUPERIEURE DES ARTS DECORATIFS,3513,B6,director,Emmanuel,Tibloux,contact@ensad.fr.,(+33)142349700,https://www.ensad.fr/fr/administration,(+33)142349700,contact@ensad.fr.,https://www.ensad.fr/fr/contactez-lecole,one campus,https://www.ensad.fr/fr/partenaires,College,France,"$127,306",,,,,
Utenos kolegija,5044,B8,Head of the International Relations Department,Rūta,Jurgelionienė,trs@utenos-kolegija.lt,(+370) 687 24623,https://www.utenos-kolegija.lt/en/contacts,(+370) 389 51662,https://www.utenos-kolegija.lt/stojantiesiems/priemimas,https://www.utenos-kolegija.lt/,https://www.utenos-kolegija.lt/,https://ucb.edu.al/partners/,Higher Education Institution,Lithuania,"$127,251",,,,,
ECOLE D'INGENIEURS GENERALISTES -LAROCHELLE,3229,B5,Director General,Frédéric .,Thivet,communication@eigsi.fr,33 5 46 45 80 00,https://www.eigsi.fr/nomination-%E2%80%90-frederic-thivet-nouveau-directeur-general-de-leigsi-17659/,33 5 46 45 80 00,communication@eigsi.fr,https://www.eigsi.fr/,https://www.eigsi.fr/admissions-engineering-school-france/international-students-within-an-exchange-programme/?lang=en#,https://www.eigsi.fr/soushome/international/,General Engineering School,France,"$127,212",,,,,
HOCHSCHULE FUER MUSIK UND THEATER HAMBURG,3959,B6,President,Jan Philipp .,Sprick,studium@hfmt.hamburg.de,49 40 209494-100 /-200,"https://www.hfmt-hamburg.de/hochschule/organisation/personen/jan-philipp-sprick#:~:text=Zum%20Sommersemester%202018%20wurde%20er,Oktober%202022%20Pr%C3%A4sident%20der%20Hochschule.",49 40 209494-100 /-200,studium@hfmt.hamburg.de,https://www.hfmt-hamburg.de/,1 campus,https://www.hfmt-hamburg.de/en/hochschule/netzwerk/partnerhochschulen,uni,Germany,"$126,107",,,,,
Nazionalna Hudojestvena Akademia,1813,B3,Erasmus+ Coordinators,Mariela,Boycheva,art_academy@nha.bg,359 2 987 33 28,https://nha.bg/en/subcategory/erasmus,359 2 988 17 01,rector@nha.bg,https://nha.bg/en,Not Found,https://nha.bg/en/subcategory/partner-countries,Art Academy,Bulgaria,"$125,821",,,,,
ARKITEKTUR OG DESIGNHOGSKOLEN I OSLO,211,B1,Rektor,Irene,Alma Lønne,irene.lonne@aho.no,4722997109,https://www.aho.no/english/about/employees/irenlonn/index.html,47 22 99 70 00,postmottak@aho.no,https://aho.no/no/omaho,,https://aho.no/en/new-partner-schools-2023,University in Oslo,Norway,"$125,793",,,,,
"DUN LAOGHAIRE INSTITUTE OF ART, DESIGN & TECHNOLOGY",3193,B5,International Office,Sonya,Hogan,sonya.hogan@iadt.ie,353 1 239 4922,https://iadt.ie/about/staff/sonya-hogan/,353 1 239 4000,info@iadt.ie,https://iadt.ie/,N/A,https://iadt.ie/research-enterprise/international/,Public Institute of Technology,Ireland,"$123,563",,,,,
HAUTE ECOLE CHARLEMAGNE HE CH,3873,B6,Erasmus Coordinator,Anne-Marie,MARTIN LANERO,anne-marie.martinlanero@hech.be,(+32)4 254 76 04,https://www.hech.be/fr/nos-services/relations-internationales,(+32 )87 39 33 33,secr.rivageois@hech.be,https://www.hech.be/fr/campus/charlemagne-verviers-campus-de-verviers,https://www.hech.be/fr/campus/charlemagne-verviers-campus-de-verviers,https://www.hech.be/fr/nos-services/relations-internationales,College,Belgium,"$122,580",,,,,
EVANGELISCHE HOCHSCHULE DARMSTADT,706,B2,International Office,Leonie,Hammerla,International Office,(+49).6151.533-68013,https://www.eh-darmstadt.de/internationales/international-office/,496151 8798 720,info@eh-darmstadt.de,https://www.eh-darmstadt.de/,https://www.eh-darmstadt.de/hochschule/standorte/,https://www.eh-darmstadt.de/internationales/partnerhochschulen/,University of Applied Sciences,Germany,"$119,623",,,,,
GAL FERENC EGYETEM,927,B2,Rector,Dr. Nikoletta,Sey,rektori.kabinet@elte.hu,36-1 460-4444,https://www.elte.hu/rektorikabinet,36 1 411 6500,rektori.kabinet@elte.hu,https://www.elte.hu/,https://www.elte.hu/campusok,https://www.elte.hu/innovacio/partnerkapcsolatok,Public university,Hungary,"$119,564",,,,,
BULGARIAN ACADEMY OF SCIENCES,392,B1,Head of international Department,Gabriella,Tchouprenska,tchouprenska@cu.bas.bg,(+359 2 979 5230,https://www.bas.bg/?page_id=11216&lang=en,359 2 979 5333,tominaglb@cu.bas.bg,https://www.bas.bg/?lang=en,https://www.bas.bg/?page_id=11274&lang=en,https://www.bas.bg/?page_id=11216&lang=en,Academy of Sciences,Bulgaria,"$118,788",,,,,
COFAC COOPERATIVA DE FORMACAO E ANIMACAO CULTURAL CRL,2904,B5,Secreterait,Ana,Costa,secretariat@civitas.eu,351229397130,https://civitas.eu/contact,351229397130,secretariat@civitas.eu,https://civitas.eu/contact,N/A,https://civitas.eu/coordination/muse,Private Primary and Secondary School,Portugal,"$118,687",,,,,
RENASUP PAYS DE LA LOIRE,2138,B4,Erasmus+ Project Consultant,Chantal,Larrory,jm-petit@enseignement-catholique.fr,(+33) 1 53 73 73 66,"https://www.renasup.org/
https://coventry.renasup.org/nous-contacter/","33 2 51 47 74 74
(+33) 1 53 73 73 66",contact@renasup-paysdelaloire.eu,https://www.renasup.org/,https://coventry.renasup.org/en/locations/,https://www.renasup.org/partenaires/,Higher Education Association,France,"$118,321",,,,,
VETERINAERMEDIZINISCHE UNIVERSITAET WIEN,5077,B8,ERASMUS+ departmental coordinator; Outgoing exchange student and staff adviser,Michaela,Pirker,michaela.pirker@vetmeduni.ac.at,"43 1 25077 1128,",https://www.vetmeduni.ac.at/fileadmin/v/international/ERASMUS_ALLGEMEIN/A_WIEN04_Erasmus_NG_fact_sheet.pdf,43 1 250775 555,international@vetmeduni.ac.at,https://www.vetmeduni.ac.at/en/,N/A,https://www.vetmeduni.ac.at/en/international/about-us/international-partner-universities/erasmus-partner-universities,University,Austria,"$118,289",,,,,
"NATZIONALNA AKADEMIYA ZA TEATRALNO I FILMOVO IZKUSTVO ""KRUSTYO SARAFOV"" (NATFIZ)",1812,B3,ERASMUS Coordinators,Krasimira,Ivanova,erasmus.natfa@gmail.com,359 9231 231,https://natfiz.bg/erasmus/,+359 2 923 1351,info@natfiz.bg,http://natfiz.bg/,N/A,https://natfiz.bg/en/about-us/,Arts and Film University,Bulgaria,"$117,725",,,,,
EVANGELISCHE HOCHSCHULE DARMSTADT EHD,3,B1,Erasmus+ Institutional Coordinator,Friederike,Luther,eu-coordination.int@h-da.de,(+49)6151533 68013,https://international.h-da.de/en/international-office/contacts/contacts-international-office,(+49)615116 02,info@eh-darmstadt.de,https://international.h-da.de/en/,https://h-da.de/en/about-us/general/location/interactive-map-and-directions,https://international.h-da.de/en/1/h-da-international/strategic-partners,univeristy,Germany,"$116,146",,,,,
FUNDACION CEIMAR,886,B2,President,Casimiro Mantell,Serrano,ceimar@campusdelmar.com,34 956 019 017,https://campusdelmar.com/gobernanza/,34 956 019 017,ceimar@campusdelmar.com,"https://www.google.com/maps/place/UCA:+Vicerrectorado+de+Investigaci%C3%B3n+y+Transferencia+%22El+Olivillo%22/@36.533125,-6.3059307,17z/data=!3m1!4b1!4m6!3m5!1s0xd0dd110d2d8b641:0x5cff20c00d40fb57!8m2!3d36.533125!4d-6.3059307!16s%2Fg%2F11fkr363_l?entry=ttu&g_ep=EgoyMDI1MDQwOC4wIKXMDSoJLDEwMjExNDU1SAFQAw%3D%3D","https://www.google.com/maps/place/UCA:+Vicerrectorado+de+Investigaci%C3%B3n+y+Transferencia+%22El+Olivillo%22/@36.533125,-6.3059307,17z/data=!3m1!4b1!4m6!3m5!1s0xd0dd110d2d8b641:0x5cff20c00d40fb57!8m2!3d36.533125!4d-6.3059307!16s%2Fg%2F11fkr363_l?entry=ttu&g_ep=EgoyMDI1MDQwOC4wIKXMDSoJLDEwMjExNDU1SAFQAw%3D%3D",https://campusdelmar.com/convenios-internacionales/,Campus of International Excellence,Spain,"$115,482",,,,,
CONSTRUCTOR UNIVERSITY BREMEN GGMBH,3086,B5,"International Programs
Erasmus Institutional Coordinator",Magdalena,Dieterle,mdieterle@constructor.university,49 421 200 4200,https://constructor.university/student-life/study-abroad/international-office,49 421 200 4200,study@constructor.university,http://constructor.university/,N/A,https://constructor.university/student-life/study-abroad/our-partners,Higher Education Cooperative/School,Germany,"$115,330",,,,,
Lubelska Akademia WSEI,1453,B3,University Erasmus + Coordinator,Artur,Grzesiak,artur.grzesiak@wsei.pl,(+48 81 749 32 51,https://www.wsei.pl/en/for-the-student/erasmus/,48817491770,kancelaria@wsei.pl,https://www.wsei.pl/en/,Not Found,https://www.wsei.pl/en/,,,"$115,274",,,,,
UNIVERSIDAD EUROPEA DE CANARIAS SL,4855,B7,International Mobility Office,,,international@universidadeuropea.es,34 922097091,https://universidadeuropea.com/tu-experiencia/movilidad-internacional/,34 918340192,,https://universidadeuropea.com/,,https://universidadeuropea.com/tu-experiencia/study-abroad/,public university,Spain,"$114,986",,,,,
Norges musikkhøgskole,1831,B3,"Head of Divi­sion
Academic Affairs and Research",Tone,Jordhus,tone.jordhus@nmh.no,47 23407355,https://nmh.no/en/contact-us/employees/tone-jordhus,+47 23 36 70 00,post@nmh.no,https://nmh.no/,1 main campus,https://student.nmh.no/en/student-life/study-abroad/exchange-partner-institutions,Music Conservatory,Norway,"$114,308",,,,,
HAUTE ECOLE DE LA VILLE DE LIEGE,3877,B6,Head of international office,Rebecca,RAHIER,rebecca.rahier@hel.be,(+32 )4 258.42.46,https://www.hel.be/wp-content/uploads/2025/03/HEL-FactsSheet-International-Office.pdf,(+32)4/258.42.30,sciences.economiques@hel.be,https://www.hel.be/,https://www.hel.be/international/,https://www.hel.be/international/,college,Belgium,"$113,054",,,,,
PRIVATE PADAGOGISCHE HOCHSCHULE DER DIOZESE LINZ,2094,B3,Head of Centre for International Relations,Reindl,Sabine,sabine.reindl@ph-linz.at,43 732 77 26 66-4333,https://www.phdl.at/international,43 732 772666,office@ph-linz.at,https://www.phdl.at/,one campus,https://www.phdl.at/ueber_uns/kooperationen_initiativen/internationale_kooperationen,Private Teacher Education College,Austria,"$112,819",,,,,
TESTNEVELESI EGYETEM,4719,B7,Director International Office,: Denissza,Blanár,blanar.denissza@tf.hu,36 1 487 9200,https://tf.hu/en/about-us/organization/international-relations-center,36 1 487 9200,iroda.nki@tf.hu,https://tf.hu/en,https://tf.hu/en,https://tf.hu/en/international/international-partners,Public University,Hungary,"$112,461",,,,,
Télécom SudParis,4717,B7,"Acting Director of International Relations
Academic Advisor",Stephane,Maag,stephane.maag@telecom-sudparis.eu,33 1 75 31 44 17,https://www.telecom-sudparis.eu/en/contacts/,33 1 69 53 68 01,international@telecom-sudparis.eu,https://www.telecom-sudparis.eu,https://www.telecom-sudparis.eu,https://www.telecom-sudparis.eu/en/international/partners,Engineering School,France,"$110,643",,,,,
UNIVERSITA CAMPUS BIO MEDICO DI ROMA,4898,B7,Head of International Office,,,erasmus@unicampus.it,39 06.22541.8760,https://www.unicampus.it/servizi/internazionale/mobilita-internazionale-per-gli-studenti/costruiamo-leuropa/,39 06.22541.1,erasmus@unicampus.it,https://www.unicampus.it/,https://www.unicampus.it/ateneo/visita-il-campus/,https://www.unicampus.it/servizi/cooperazione-internazionale/,Public university,ITALY,"$110,463",,,,,
DESIGNSKOLEN KOLDING,3146,B5,"Study Administration
International Relations Manager",Anette,Flinck,af@dskd.dk,40 21 11 00,https://www.designskolenkolding.dk/en/the-school/international-students,45 76 30 11 00,dk@designskolenkolding.dk,https://www.designskolenkolding.dk/,N/A,https://www.designskolenkolding.dk/en/study-at-the-school/udveksling-og-internationalt-samarbejde,Public Higher Education Institution,Denmark,"$110,263",,,,,
ACADEMIE ROYALE DES BEAUX-ARTS DE BRUXELLES ECOLE SUPERIEURE DES ARTS,51,B1,Erasmus Institutional Coordinator,Yuna,Denis,"erasmus@arba-esa.be
yuna.denis@arba-esa.be",(+32 2 506 10 10,https://arba-esa.be/sites/default/files/telechargements/FACT%20SHEET%20FOR%20ERASMUS%20PARTNERS%20ARBA-ESA%20Brussels.pdf,(+32 2 506 10 10,info@arba-esa.be.,https://arba-esa.be/fr,single campus,https://arba-esa.be/fr/international/partenaires,Art school,Belgium,"$110,249",,,,,
SIAULIU UNIVERSITETAS,2269,B4,erasmus coordinator,Rita,Vienažindienė,rita.vienazindiene@cr.vu.lt,370 5 268 7150,https://www.vu.lt/en/international-cooperation/contacts,370 5 268 7000,info@sa.vu.lt,https://www.sa.vu.lt/,not found,https://www.sa.vu.lt/en/about-the-academy/partners,University,Lithuania,"$109,778",,,,,
UNIVERSITA DEGLI STUDI DEL SANNIO,4904,B8,Erasmus Coordinator,BIAGIO,SIMONETTI,simonetti@unisannio.it,39 824 305726,https://www.unisannio.it/sites/default/files/sito/ateneo/amministrazione/avvisi/uo-internazionalizzazione-mobilit%C3%A0/it/UNIVERSITY%20OF%20SANNIO%20INCOMING_0.pdf,39 824 482190,amministrazione@cert.unisannio.it,https://www.unisannio.it/it,https://www.unisannio.it/it/ateneo/strutture/sedi,https://www.unisannio.it/en,University in Benevento,Italy,"$109,439",,,,,
OY VAASAN AMMATTIKORKEAKOULU - VASA YRKESHOGSKOLA AB,1919,B3,President/CEO,Hannu,Vahtera,info@vamk.fi,358 20 7663300,https://www.vamk.fi/en/info/university/organization/management-group,358 20 7663300,info@vamk.fi,https://www.vamk.fi/,1 campus,https://www.vamk.fi/en/info/university/organization,University of Applied Sciences,Finland,"$109,130",,,,,
VETERINARNI A FARMACEUTICKA UNIVERZITA BRNO,5078,B8,Institutional coordinator Erasmus+,Martin,TOMKO,martin.tomko@uvlf.sk,421 918413553,https://www.uvlf.sk/en/international-exchange-study-programmes/erasmus/contacts,420 541 561 111,rektor@vfu.cz,https://www.uvlf.sk/en,N/A,https://www.uvlf.sk/document/list-of-bilateral-agreement-with-foreign-universities-erasmus-2021-2027.pdf,University,Czechia,"$108,899",,,,,
JANACKOVA AKADEMIE MUZICKYCH UMENI V BRNE,1108,B2,Head of International Office,MgA. Petra,Koňárková,5788@post.jamu.cz,420 54259 1607,https://en.jamu.cz/studies/international-office-faculty-of-music/,+420 542 591 111,rektor@jamu.cz,https://en.jamu.cz/,"https://www.google.com/maps/dir//Beethovenova+650%2F2,+602+00+Brno-st%C5%99ed,+Czechia/@49.1961022,16.5279548,15143m/data=!3m1!1e3!4m8!4m7!1m0!1m5!1m1!1s0x47129459fc17db09:0xb8f5d5fb34cfd711!2m2!1d16.6103552!2d49.1961315?entry=ttu&g_ep=EgoyMDI1MDQwOS4wIKXMDSoJLDEwMjExNDUzSAFQAw%3D%3D",https://en.jamu.cz/about-us/partner-institutions/,University,Czech Republic,"$108,702",,,,,
PADAGOGISCHE HOCHSCHULE HEIDELBERG,1926,B3,Project Management,Henrike,Schön,hschoen@vw.ph-heidelberg.of,49 6221 477-544,https://www.ph-heidelberg.de/en/microsites-projects/promobil-gs/team-and-contact/?S=0&cHash=659f4f9c8abb1c1d0c1631061dc5c54d,49 6221 4770,info@ph-heidelberg.de,http://www.ph-heidelberg.de/,one main campus,https://www.ph-heidelberg.de/auslandsamt/partnerhochschulen-und-kontaktpersonen/,University of Education,Germany,"$108,086",,,,,
YRKESHOGSKOLAN ARCADA AB,5318,B8,International Coordinator,Annika,Keskinen,annika.keskinen@arcada.fi,358 294 282 673,https://www.arcada.fi/sv/om-oss/kontaktuppgifter/arcadatjanster/annika-keskinen,358 294 282 699,communications@arcada.fi,https://www.arcada.fi/sv,https://www.arcada.fi/sv/studera-pa-arcada/campus-och-studiemiljoer,https://www.arcada.fi/sv/samarbete-och-tjanster/samverkan-och-partnerskap,university of applied sciences,Finland,"$107,774",,,,,
Haute Ecole Libre de Bruxelles - Ilya Prigogine,3887,B6,President,Jean-Luc,MAHIEU,olivier.demeurisse@helb-prigogine.be,(+32 )2 349 68 11,https://www.helb-prigogine.be/asbl-prigogine/,(+32 )2 349 68 11,olivier.demeurisse@helb-prigogine.be,https://www.helb-prigogine.be/,https://www.helb-prigogine.be/campus-erasme/,https://www.helb-prigogine.be/partenaires/,college,Belgium,"$107,685",,,,,
KAJAANIN AMMATTIKORKEAKOULU OY,1137,B2,Senior lecturer,Risto,Oikari,risto.oikari@kamk.fi,358 44 710 1410,https://kamk.fi/tutkimus-ja-kehitys-seka-yrityspalvelut/palvelut-yrityksille/organisaatioiden-kehittamis-ja-johtamispalvelut/,+358 40 6548 475,kajaanin.amk@kamk.fi,https://kamk.fi/,https://kamk.fi/tietoa-kamkista/tutustu-kamkiin/kampus/,https://kamk.fi/en/cooperate-with-kamk/internationality/partners/partner-institutions-for-master-school/,University,Finland,"$107,551",,,,,
TECHNICAL UNIVERSITY - GABROVO,4673,B7,Erasmus+ Administrative Contact,Nadezhda,Ivanova Pangelova,n_pangelova@tugab.bg,(+359 66 827 559),https://www.tugab.bg/en/international-cooperation/about-us,(+359 66 827 219),info@tugab.bg,https://www.tugab.bg/en/,one main campus,https://www.tugab.bg/en/international-cooperation/bilateral-cooperation,University,Bulgaria,"$107,273",,,,,
Zagreb School of economics and management,5322,B8,Erasmus + coordinator,Amal,Mali,amali@zsem.hr,385-99-26-86-763,https://zsem.hr/medunarodni-partneri/erasmus/,385 99 2641 145,referada@zsem.hr,https://zsem.hr/,Not Found,https://zsem.hr/en/international-partners/,private business school,Croatia,"$106,671",,,,,
Akademia Ignatianum w Krakowie,117,B1,Erasmus + University Coordinator,Jakub,Błaż,jakub.blaz@ignatianum.edu.pl,(+48 12 39 99 590,https://ignatianum.edu.pl/contact,(+48 12 39 99 502,rektorat@ignatianum.edu.pl,https://ignatianum.edu.pl/kontakt,one main campus,https://new.ignatianum.edu.pl/international-partners,Higher educational institution,Poland,"$106,666",,,,,
BURG GIEBICHENSTEIN Kunsthochschule Halle,394,B1,International Coordinator,Bernhard Frank,Lange,"international(at)burg-halle.de
bernhard frank.lange@burg-halle.de",49 345 7751 555,https://www.burg-halle.de/person/p/bernhard-frank-lange,49 345 775150,burgpost@burg-halle . de,https://www.burg-halle.de/,https://www.burg-halle.de/kunst/,https://www.burg-halle.de/hochschule/studium/international-office-akademisches-auslandsamt/,University of Art and Sciences,Germany,"$106,419",,,,,
UNIVERSIDAD NACIONAL DE EDUCACION A DISTANCIA,4864,B7,Manager of the UNED,Álvaro,Martín Herrera,gerencia@adm.uned.es,34 91 398 7401,https://www.uned.es/universidad/inicio/en/institucional/gerencia/equipo.html,34 91 398 66 36,infouned@adm.uned.es,https://www.uned.es/universidad/inicio/en/,https://www.uned.es/universidad/inicio/en/informacion.html,https://www.uned.es/universidad/inicio/en/internacional/centros-exterior.html,public university,Spain,"$106,110",,,,,
WYZSZA SZKOLA EKONOMII I INNOWACJI W LUBLINIE,5257,B8,University Erasmus + Coordinator,Artur,Grzesiak,artur.grzesiak@wsei.pl,48 81 749 32 51,https://www.wsei.pl/en/for-the-student/erasmus/,48 81 749 17 70,kancelaria@wsei.pl,https://www.wsei.pl/en/,https://www.wsei.pl/en/admission/,https://www.wsei.pl/en/,University,Poland,"$105,725",,,,,
WROCLAWSKA AKADEMIA BIZNESU W NAUKACH STOSOWANYCH,5227,B8,Erasmus+ Programme Coordinator,Anna,Pilarek,erasmus@wab.edu.pl,48 71 333 11 15,https://wab.edu.pl/en/about-us/university-offices/international-relations-office/,48 71 333 11 02,recepcja@wab.edu.pl.,https://wab.edu.pl/en/,Single campus,https://wab.edu.pl/en/for-student/erasmus/partner-universities/,University,Poland,"$105,556",,,,,
Dimitrie Cantemir University of Targu Mures,3158,B5,Director of International Relations,Mihai,Voda,mmvoda@yahoo.com.,40365401128,https://en.cantemir.ro/relatii-internationale/erasmus/contact-erasmus-2/,40-365-401.125,universitate@cantemir.ro,https://en.cantemir.ro/,https://en.cantemir.ro/universitate/campus/,https://en.cantemir.ro/relatii-internationale/,Private University,Romania,"$105,277",,,,,
Centrale Lille Institut,457,B1,Director of International and Academic Relations,Mathieu THOMAS,DE LA PINTIÈRE,direction.ria@centralelille.fr,33 3 20 33 53 53,"https://centralelille.fr/en/international/
https://www.etsit.upm.es/fileadmin/documentos/imagenes/factsheet_Uni_socias/Centralle_lillie.pdf",33 3 20 33 53 53,international.mobility@centralelille.fr,https://centralelille.fr/en/international/,N/A,https://ecole.centralelille.fr/international/,Engineering School,France,"$105,235",,,,,
INSTITUTO POLITECNICO DO CAVADO E DO AVE,2780,B4,President of IPCA,Maria,José Fernandes –,geral@ipca.pt,(+351) 253 802 190,"https://ipca.pt/o-ipca/orgao-ipca/conselho-de-diretores/
https://ipca.pt/ipca/contactos/",(+351) 253 802 190,geral@ipca.pt,https://ipca.pt/o-ipca,NA,https://ipca.pt/programas-e-parcerias-internacionais/,Public Polytechnic Institute,Portugal,"$105,180",,,,,
"NATIONAL ACADEMY OF MUSIC""PROF.PANCHO VLADIGEROV""",1804,B3,DIRECTOR,Sava,Dimitrov,sava.dimitrov@gmail.com,359 2 4409 783,https://www.rectors.bg/upravitelen-suvet/%D0%BF%D1%80%D0%BE%D1%84-%D0%B4-%D1%80-%D1%81%D0%B0%D0%B2%D0%B0-%D0%B4%D0%B8%D0%BC%D0%B8%D1%82%D1%80%D0%BE%D0%B2,+359 2 440 9740,info@nma.bg.,http://www.nma.bg/,N/A,https://aec-music.eu/members/our-members/,National Academy / Public University for Music,Bulgaria,"$104,979",,,,,
Kodolanyi Janos Egyetem,1180,B2,Erasmus+ Coordinator,Éva,Horváti,horvatieva@kodolanyi.hu,+36 30 938 6803,https://erasmusplusz.hu/intezmenyi-erasmus-koordinatorok-elerhetosege,+36 80 203 769,info@kodolanyi.hu,https://www.kodolanyi.hu/,https://www.kodolanyi.hu/kereso,https://www.kodolanyi.hu/az-egyetem/egyuttmukodo-partnereink,Higher educational institution,Hungary,"$104,527",,,,,
ECOLE NATIONALE SUPERIEURE DES SCIENCES AGRONOMIQUES DE BORDEAUX AQUITAINE,3521,B6,Director of international relations,Camille,CHOLET,international@agro-bordeaux.fr,(+33)5 57 35 07 07,https://www.agro-bordeaux.fr/international/strategie/,(+33)5 57 35 07 07,contact@agro-bordeaux.fr,https://www.mines-stetienne.fr/en/research/,one campus,https://www.agro-bordeaux.fr/ecole/partenaires/,college,France,"$103,981",,,,,
Kõrgem Kunstikool Pallas,1189,B2,Administration,Piret.,Viirpalu,piret.viirpalu@pallasart.ee,+372 730 9822,https://pallasart.ee/korgkoolist/juhtimine/,+372 730 9822,pallasart@pallasart.ee,https://pallasart.ee/,"https://www.google.com/maps?rlz=1C1SQJL_enPK1095PK1096&gs_lcrp=EgZjaHJvbWUqCggAEAAY4wIYgAQyCggAEAAY4wIYgAQyBwgBEC4YgAQyCAgCEAAYFhgeMggIAxAAGBYYHjIICAQQABgWGB4yBwgFEAAY7wUyCggGEAAYgAQYogTSAQc0OTZqMGo0qAIAsAIA&um=1&ie=UTF-8&fb=1&gl=pk&sa=X&geocode=KSvXN-gmN-tGMZg_v4H8YUGO&daddr=T%C3%A4he+tn+38b,+50103+Tartu,+Estonia",https://pallasart.ee/oppimine/erasmus/partnerkoolid/,University,Estonia,"$103,795",,,,,
ESCOLA SUPERIOR DE ENFERMAGEM DE LISBOA (ESEL),3751,B6,Inernational coordinator,Claudia Mariana,Julian Bacatum,coordenacaoerasmus@esel.pt,(+35)1 21 791 3400,https://www.esel.pt/node/6716,(+35)1 21 791 3400,geral@esel.pt,https://www.esel.pt/,2 campus,https://www.esel.pt/node/6720,School,Portugal,"$103,455",,,,,
WOJSKOWA AKADEMIA TECHNICZNA IM.JAROSLAWA DABROWSKIEGO,5223,B8,Head of the International Cooperation Department,Mariusz,Gontarczyk,mariusz.gontarczyk@wat.edu.pl,48 261 839 376,https://www.wojsko-polskie.pl/wat/en/about-the-international-cooperation-department/,48 261 839 001,sekretariatrektora@wat.edu.pl,https://www.wojsko-polskie.pl/,https://www.wojsko-polskie.pl/wat/,https://www.wojsko-polskie.pl/misje/,Military University,Poland,"$102,570",,,,,
Neumann János Egyetem,1817,B3,Rektori,Kabinet,Titkárság,kh@uni-neumann.hu,36 76 516 300,https://nje.hu/storage/content/10/files/neumann-janos-egyetem-org-chart-2023-11-29.pdf?r=f18e217a5902d0e2b034c486e80affcb,36 76 516 300,kh@uni-neumann.hu,https://nje.hu/,"(John von Neumann University) is located in Kecskemét, Hungary.",https://nje.hu/egyetemunk/nemzetkozi-kapcsolatok/partnerintezmenyek/erasmus-partnerek,University,Hungary,"$102,274",,,,,
FUNDACIÓN JESUITAS EDUCACIÓN/FUNDACIÓ JESUÏTES EDUCACIÓ,903,B2,Head of the International Department,Marta,Munté,marta.munte@fje.edu,34932702213,https://sites.google.com/fje.edu/international-dimension/home,34932702213,fje@fje.edu,https://www.fje.edu/es/fje/,"https://www.google.com/maps/dir//Carrer+de+Roger+de+Ll%C3%BAria,+15,+L'Eixample,+08010+Barcelona,+Spain/@41.3905861,2.0892768,12z/data=!4m8!4m7!1m0!1m5!1m1!1s0x12a4a3a6a92c8dbf:0xaf08ee72a9721b41!2m2!1d2.1718488!2d41.3907094?entry=ttu&g_ep=EgoyMDI1MDQwOC4wIKXMDSoJLDEwMjExNDU1SAFQAw%3D%3D",https://www.fje.edu/en/fje/international-dimension-fundacio-jesuites-educacio,Private non-profit institution,Spain,"$101,909",,,,,
FACHHOCHSCHULE BURGENLAND GMBH,711,B2,Head of International Office,Mag.(FH) Birgit,Rivalta,birgit.rivalta(at)hochschule-burgenland.at,43 5 7705-3540,https://hochschule-burgenland.at/en/internationales/team/#c13983,43 5 7705-3500,birgit.rivalta(at)hochschule-burgenland.at,https://hochschule-burgenland.at/en,https://hochschule-burgenland.at/ueber-uns/kontakt/campus-eisenstad,https://hochschule-burgenland.at/internationales/infos-zu/partner,University of Applied Sciences,Austria,"$101,749",,,,,
PANSTWOWA WYZSZA SZKOLA ZAWODOWA WNOWYM SACZU,1988,B3,International Relations Office.,Anna,Polek,arafalowicz@ans-ns.edu.pl,48 (18) 443 45 45,"http://www2.pwsz-ns.edu.pl/159,944,International_Relations_Office.htm",48 18 443 45 45,sog@pwsz-ns.edu.pl,http://www2.pwsz-ns.edu.pl/,two campuses,"http://www2.pwsz-ns.edu.pl/158,186,International_cooperation.htm",University of Applied Sciences,Poland,"$101,646",,,,,
"CONSERVATORI SUPERIOR DE MÚSICA ""JOAQUÍN RODRIGO"" DE VALENCIA",2993,B5,Erasmus Department Coordinator:,VICENT,SANCHIS,erasmus@csmvalencia.es,34 961206970,https://www.csmvalencia.es/internacional-2/,34 961 20 69 70,erasmus@csmvalencia.es,https://csmvalencia.es/,1 campus,https://www.csmvalencia.es/internacional-2/,Higher Education Institution,Spain,"$101,330",,,,,
SKUPNOST VISJIH STROKOVNIH SOL REPUBLIKE SLOVENIJE,2287,B4,general secretar and erasmus contact person,Alicia Leonor,Sauli Miklavčič,alicia.miklavcic@skupnost-vss.si,386 40 727 229,https://arhiv.skupnost-vss.si/en/sekretariat/alicia-leonor-sauli-miklavcic-2/,386 64 171 710,sekretariat@skupnost-vss.si,https://www.skupnost-vss.si/,not found,https://arhiv.skupnost-vss.si/en/international/international-cooperation/,Association,Slovenia,"$100,979",,,,,
UNIWERSYTET MORSKI W GDYNI,3439,B5,Head of International Office,Jan,Kowalski,international@umg.edu.pl,(+48 58 690 14 00,https://www.umg.edu.pl/en/erasmus,(+48 58 690 14 01,rekrutacja@umg.edu.pl,https://www.umg.edu.pl,https://www.umg.edu.pl/en/university/campuses,https://www.umg.edu.pl/en/international/partners,Public University,Poland,"$100,934",,,,,
Veleuciliste u Bjelovaru,5059,B8,Erasmus Coordinator,Marina,Marković,mmarkovic@vub.hr,38543 241 204,https://vub.hr/en/international-office/,385 43 241 201,referada@vub.hr,https://vub.hr/en/,SINGLE CAMPUS,https://vub.hr/en/erasmus-bilateral-agreements/,College in Bjelovar,Croatia,"$100,030",,,,,
UNIVERSITAT FUR KUNSTLERISCHE UND INDUSTRIELLE GESTALTUNG LINZ,3251,B5,International Office,Regina,Dicketmüller-Pointinger,international.office@kunstuni-linz.at,43 732 7898 2269,https://www.kunstuni-linz.at/studium/internationales/kontakt,43 732 7898,iris.schneeberger@kunstuni-linz.at,https://www.kunstuni-linz.at/,https://www.kunstuni-linz.at/universitaet/standorte,https://www.kunstuni-linz.at/studium/internationales/partneruniversitaeten,University,Austria,"$99,800",,,,,
STOCKHOLM SCHOOL OF ECONOMICS IN RIGA SIA,2420,B4,International Programme Manager,Marina,Troškova,marina.troskova@sseriga.edu,371 67015811,https://www.sseriga.edu/education/exchange-programmes/outgoing-students,371 67 015 800,office@sseriga.edu,https://www.sseriga.edu/,single campus,"https://www.sseriga.edu/
https://www.sseriga.edu/education/exchange-programmes/outgoing-students",University,Latvia,"$99,789",,,,,
UNIWERSYTET PAPIESKI JANA PAWLA II W KRAKOWIE,3442,B5,Coordinator,Urszula Leszyńska,Leszyńska,urszula.leszynska@upjp2.edu.pl,(+48 519 323 350,https://international.upjp2.edu.pl/en/contactus,(+48 12 422 03 40,rekrutacja@upjp2.edu.pl,https://www.upjp2.edu.pl,https://www.upjp2.edu.pl/en/university/campuses,https://www.upjp2.edu.pl/en/international/partners/,Public University,Poland,"$99,632",,,,,
RIT Croatia,2165,B4,erasmus manager,Christina,Pejić,"christina.pejic@croatia.rit.edu
christina.petrovic@croatia.rit.edu",(+385 20 433 000,https://www.rit.edu/croatia/outgoing-erasmus-students,385 (0) 20 433 000,admissions@croatia.rit.edu,https://www.rit.edu/croatia/,https://www.rit.edu/croatia/contact,https://www.rit.edu/croatia/partners,University,Croatia,"$99,470",,,,,
Ecole supérieure d'Art de La Réunion,3547,B6,International Relation Coordinator,,Caroline Dickinson,ri@esa.re,(+26)2 262 43 08 01,https://sites.google.com/esa.re/esa-reunion/contact,(+26)2 262 43 08 01,contact[at]esa.re,https://sites.google.com/esa.re/esa-reunion/l%C3%A9cole/organisation/%C3%A9quipe-administrative-et-technique,one campus,https://sites.google.com/esa.re/esa-reunion/l%C3%A9cole/partenaires,school,france,"$99,352",,,,,
"FLORIDA CENTRE DE FORMACIÓ, COOP. V.",790,B2,President,Mercedes,Aznar,info.general@florida-uni.es,961 220 380,https://www.florida.es/2023/11/27/florida-centre-de-formacio-coop-v-rep-al-nou-personal/,,info.general@florida-uni.es,https://www.florida.es/,Not Found,https://www.florida.es/internacionalizacio/,private higher education institution,Spain,"$99,219",,,,,
Merz Akademie gGmbh,1756,B3,Head of International Office,Birgit,Haasen,birgit.haasen@merz-akademie.de,49 711 268 66-47,https://www.merz-akademie.de/en/personen/,+49 711 268660,info@merz-akademie.de,https://www.merz-akademie.de/,https://www.merz-akademie.de/en/campus/,https://www.merz-akademie.de/en/international-office/,University of Applied Arts / Private University,Germany,"$98,581",,,,,
Det Jyske Musikkonservatorium,3147,B5,International Coordinator,Martin,Granum,magr@musikkons.dk,4561462144,https://musikkons.dk/en/about-djm/employees/1565/,45 72 26 74 00,mail@musikkons.dk,https://musikkons.dk/en/,https://musikkons.dk/en/programmes/jazz-pop/music-and-co-creation/the-campus/,https://musikkons.dk/en/what-else/cooperation/international-projects/,Public Higher Education Institution,Denmark,"$98,443",,,,,
UNIWERSYTET MUZYCZNY FRYDERYKA CHOPINA,3440,B5,Coordinator,Emilia,Lipka,emilia.lipka@adm.chopin.edu.pl,(+48 22 827 72 41,https://chopin.edu.pl/erasmus/en,(+48 22 827 72 40,rekrutacja@chopin.edu.pl,https://www.chopin.edu.pl,https://www.chopin.edu.pl/en/university/campuses,https://www.chopin.edu.pl/en/international/partners/,Public University,Poland,"$97,895",,,,,
ECOLE POUR L'INFORMATIQUE ET LES TECHNIQUES AVANCEES (EPITA),3533,B6,Director,Sandra,Abou Nakad,sandra.abou-nakad@epita.fr,(+33 )1 84 07 16 76,https://www.epita.fr/contact/,(+33 )1 84 07 16 00,contact@epita.fr,https://www.epita.fr/contact/,https://www.epita.fr/ecole-ingenieurs/campus/,https://www.epita.fr/universites-partenaires/,School,France,"$97,466",,,,,
HOCHSCHULE ZITTAU-GORLITZ,4052,B6,Erasmus Coordinator,Alina,Bulcsu,alina.bulcsu@hsz.de,(+49) 3583 612-4255,https://www.hszg.de/international/service,(+49) 3583 612-3055,stud.info@hsz.de,https://www.hszg.de/,1 campus,https://www.hszg.de/international/kooperationen-netzwerke/partnerhochschulen,University,Germany,"$97,246",,,,,
Ecole de Biologie Industrielle,3230,B5,General Manager,Clémence,Bernard,cl.bernard@hubebi,33 1 85 76 66 90,https://www.ebi-edu.com/en/the-school-of-industrial-biology/the-school/teaching-team/,33 1 85 76 66 90,ebi@ebi-edu.com,https://www.ebi-edu.com/ebi-grande-ecole-ingenieurs-biologie-cergy/,https://www.ebi-edu.com/ebi-grande-ecole-ingenieurs-biologie-cergy/ebi/campus/,https://www.ebi-edu.com/en/international-engineering-biology-school/erasmus/,Industrial Biology School,France,"$97,237",,,,,
Vilniaus dizaino kolegija,5095,B8,The Head of International Relations and Project management Department,Viktorija,Bočkutė,erasmus@dizainokolegija.lt,370 650 37727,https://dizainokolegija.lt/en/erasmus/#contacts,37052611121,vdk@dizainokolegija.lt,https://dizainokolegija.lt/,single campus,https://dizainokolegija.lt/en/erasmus/#erasmus-partners,College of Design,Lithuania,"$96,860",,,,,
"Vysoká škola hotelová v Praze 8, spol.s.r.o",5173,B8,erasmus person,Barbora,Komínková,kominkova@ucp.cz,420 251 563 158,https://ucp.cz/en/erasmus/,420 283 101 111,info@ucp.cz,https://ucp.cz/,https://ucp.cz/kontakt/,https://ucp.cz/o-ucp/partneri-skoly/,Private University,Czech Republic,"$96,642",,,,,
UNIVERSITA DEGLI STUDI DI ROMA FORO ITALICO,4934,B8,Erasmus Coordinator for outgoing/ingoing students,Paola,Teti,relazioni.internazionali@uniroma4.it,39 6 36733.385,https://www.uniroma4.it/index.php/relazioni-internazionali/erasmus-programme/erasmus-incoming-students/,39 6 36733.599,e-mail urp@uniroma4.it,https://www.uniroma4.it/,Single Campus,https://www.uniroma4.it/index.php/relazioni-internazionali/international-cooperation/,Higher educational institution,Italy,"$96,600",,,,,
EIROPAS KRISTIGA AKADEMIJA,3624,B6,Rector,Skaidrīte,Gūtmane,rektore@kra.lv,(+37)1 67 753 360,https://kra.lv/kontakti/,(+37)1 67 753 360,akademija@kra.lv,https://kra.lv/sakums/,n/a,https://kra.lv/erasmus/,University,Latvia,"$96,325",,,,,
JACOBS UNIVERSITY BREMEN GGMBH,1103,B2,Erasmus Institutional Coordinator,Magdalena,Dieterle,mdieterle@constructor.university,+49 421 200 40,https://constructor.university/student-life/study-abroad/international-office,+49 421 200 40,info@constructor.university,https://constructor.university/,https://constructor.university/student-life/campus-life/campus,https://constructor.university/student-life/study-abroad/our-partners,University,Germany,"$95,858",,,,,
Groupe ESC Clermont - Auvergne,989,B2,Head of International Relations,Audrey,Esteves,audrey.esteves@esc-clermont.fr,33 473 982 40,https://www.esc-clermont.fr/docs/ESCClermontBS_GUIDE_ETUDIANTS_INTERNATIONAUX_EN.pdf,33 4 73 98 24 24,info@esc-clermont.fr,https://www.clermont-sb.fr/,"https://www.google.com/maps?sca_esv=53edcb558038ad52&rlz=1C1SQJL_enPK1095PK1096&sxsrf=AHTn8zodEEqXMiQCskCyORhPmsTzWtDSdg:1745198567828&uact=5&gs_lp=Egxnd3Mtd2l6LXNlcnAiHkdyb3VwZSBFU0MgQ2xlcm1vbnQgLSBBdXZlcmduZUjzBlDrBljrBnABeACQAQCYAQCgAQCqAQC4AQPIAQD4AQL4AQGYAgCgAgCYAwCIBgGSBwCgBwCyBwC4BwA&um=1&ie=UTF-8&fb=1&gl=pk&sa=X&geocode=KWElYcTlG_dHMc8h21O05nmY&daddr=4+Bd+Trudaine,+63000+Clermont-Ferrand,+France",https://www.clermont-sb.fr/les-partenaires-internationaux/,Business school,France,"$95,802",,,,,
Lycée Bellepierre,1469,B3,International coordinator,Alain,Dorval,alain.dorval@ac-reunion.fr,(+262 262 90 73 00,https://etab.ac-reunion.fr/lyc-bellepierre/ouverture-internationale/notre-eraei/,262 262 90 73 00,ce.9741046u@ac-reunion.fr.,https://etab.ac-reunion.fr/lyc-bellepierre/,N/A,https://etab.ac-reunion.fr/lyc-bellepierre/ouverture-internationale/partenariats/,General and technological high school,FRANCE,"$94,705",,,,,
Libertas International University,1269,B2,Head of International Office,Ksenija,Keča,kkeca@libertas.hr,(+385 1 56 33 151,https://hedclub.com/en/library/libertas_international_university_erasmus_plus_student_guide,+385 1 5633 107,kutina@libertas.hr,https://www.libertas.hr/en/,"https://www.google.com/maps?rlz=1C1SQJL_enPK1095PK1096&gs_lcrp=EgZjaHJvbWUyBggAEEUYOTIGCAEQRRg70gEHNDU2ajBqNKgCALACAA&um=1&ie=UTF-8&fb=1&gl=pk&sa=X&geocode=KTsK4Ru212VHMdB90Jr0GEeE&daddr=Trg+John+F.+Kennedy+6B,+10000,+Zagreb,+Croatia",https://www.libertas.hr/en/study-programmes/undergraduate-university-study-programmes/international-relations-diplomacy/,University,Croatia,"$94,267",,,,,
KUNSTHOCHSCHULE BERLIN-WEISSENSEE HOCHSCHULE FUER GESTALTUNG,1200,B2,International Office,Leoni,Adams:,international@kh-berlin.de,+49(0)30 477 050,https://kh-berlin.de/en/studies/international/international-office,+49(0)30 477 050,helpdesk@kh-berlin.de,https://kh-berlin.de/,"https://www.google.com/maps?rlz=1C1SQJL_enPK1095PK1096&gs_lcrp=EgZjaHJvbWUyBggAEEUYOTIICAEQABgWGB4yCAgCEAAYFhgeMg0IAxAAGIYDGIAEGIoFMgcIBBAAGO8F0gEHMzg1ajBqNKgCALACAQ&um=1&ie=UTF-8&fb=1&gl=pk&sa=X&geocode=KeEyYGLyTahHMX2IwVT9djnh&daddr=B%C3%BChringstra%C3%9Fe+20,+13086+Berlin,+Germany",https://kh-berlin.de/en/studies/international/partner-universities,Art school,Germany,"$93,325",,,,,
ENSAV,3645,B6,International relation officer,Isabelle,Labrouillere,olivia.dorado@univ-tlse2.fr,(+33) 5 61 50 35 07,https://www.ensav.fr/notre-singularite/contacts/,(+33)561503507,lacambre@lacambre.be,https://www.ensav.fr/,1 campus,https://www.ensav.fr/partenariats/,University,France,"$92,979",,,,,
Karkonoska Akademia Nauk Stosowanych w Jeleniej Górze,1140,B2,Erasmus+ Institutional coordinator,"Dr. Elżbieta,",Zieja,rektorat@kans.pl,+48 75 645 33 00,https://kans.pl/wladze-uczelni,+48 75 645 33 00,rektorat@kans.pl,https://kans.pl/,"https://www.google.com/maps?rlz=1C1SQJL_enPK1095PK1096&gs_lcrp=EgZjaHJvbWUyBggAEEUYOTIHCAEQIRiPAjIHCAIQIRiPAjIHCAMQIRiPAtIBBzQ1M2owajSoAgCwAgE&um=1&ie=UTF-8&fb=1&gl=pk&sa=X&geocode=KY0MQao03g5HMV7VOfej24NF&daddr=Lw%C3%B3wecka+18,+58-500+Jelenia+G%C3%B3ra,+Poland",https://kans.pl/erasmus,School,Poland,"$92,631",,,,,
STICHTING AMSTERDAMSE HOGESCHOOL VOOR DE KUNSTEN,2370,B4,erasmus person,Anke,IJedema,erasmus-admin@ahk.nl,31 20 521 4429,https://www.ahk.nl/en/facilities/student-affairs/going-abroad/internationalisation-coordinators/,31 20 527 7710,communicatie@ahk.nl,https://www.ahk.nl/,https://www.ahk.nl/de-ahk/locaties/,https://www.ahk.nl/lectoraten/educatie/partners/,University,Netherlands,"$91,775",,,,,
Haute Ecole Bruxelles-Brabant (HE2B),3872,B6,Director,Suna,TEKIR,stekir@he2b.be,(+32) 2 340 12 95,https://he2b.be/la-he2b/,(+32) 2 340 12 95,info@he2b.be,https://he2b.be/la-he2b/,1 campus,https://he2b.be/parent/,School,Belgium,"$91,741",,,,,
SUOMEN HUMANISTINEN AMMATTIKORKEAKOULU OY HUMAK,2442,B4,Erasmus Coordinator,Timo,Sorvoja,timo.sorvoja@humak.fi,358 20 7621 352,https://www.humak.fi/wp-content/uploads/2022/10/erasmus-humak-NGO-spring-2022.pdf,"358 29 451 9300
358 29 451 9253",kirjaamo(at)humak.fi,https://www.humak.fi/,https://www.humak.fi/info/kampukset/,https://www.humak.fi/en/research-and-cooperation/partnerships/,University of Applied Sciences,Finland,"$91,539",,,,,
ASS EUROPEAN BUSINESS SCHOOL,231,B1,International Coordinator Mobility Coordinator,katy,ferreira,international@ebs-paris.com,(+33 1 40 71 37 31,https://www.ebs-paris.fr/en/erasmus/,(+33 1 40 52 77 30,dex@ebs-paris.com,https://www.ebs-paris.fr/en/,https://www.ebs-paris.fr/en/our-campuses/,https://www.ebs-paris.fr/en/erasmus/,Business schools in Paris,France,"$91,394",,,,,
SVEUCILISTE SJEVER,4645,B7,Office for International Cooperation,Professor,"Marin Milković,",international@unin.hr,(+38542493380),"https://www.unin.hr/en/international-cooperation/office-and-contact/
https://www.unin.hr/en/about-us/organization/rectors-and-vice-rectors/",not found,info@unin.hr,https://www.unin.hr/en/about-us/general-information/,https://www.unin.hr/en/about-us/services/university-centre-varazdin/,https://www.unin.hr/en/international-cooperation/agreements/bilateral-agreements/,University,Croatia,"$91,334",,,,,
Weißensee Kunsthochschule Berlin,5211,B8,Head of Academic Affairs and International Office,Leoni,Adams,international@kh-berlin.de,49-30-47705-232,https://kh-berlin.de/en/studies/international/international-office,4930 477 050,rektorat@\kh-berlin.de,https://kh-berlin.de/en/,Single Campus,https://kh-berlin.de/en/studies/international/partner-universities,University of the Arts,Germany,"$91,309",,,,,
ISC PARIS,1009,B2,Academic coordinator,Bastien,Wagener,bwagener@iscparis.com,(+33 2 42 07 02 90,https://www.iscparis.com/en/contact-us/,(+33 1 40 53 74 05,exchange@iscparis.com,https://www.iscparis.com/en/,https://www.iscparis.com/en/paris-campus/,https://www.iscparis.com/en/partners-around-the-world/,School,France,"$90,291",,,,,
FH Kärnten - gemeinnützige Gesellschaft mbH,770,B2,Head of International Relations Office,Aleksandra,"Jama,",a.jama[at]fh-kaernten[dot]at,435905007040,https://www.fh-kaernten.at/international/kontakt,43 5 90500-7700,info(at)fh-kaernten.at,https://www.fh-kaernten.at,https://www.fh-kaernten.at/,https://www.fh-kaernten.at/international/international-relations-office,University of Applied Sciences,Austria,"$89,672",,,,,
"Universidad Europea de Valencia, S.L.",4857,B7,International Mobility Office,,,international@universidadeuropea.es,34 961043883,https://universidadeuropea.com/tu-experiencia/movilidad-internacional/,34 918340192,,https://universidadeuropea.com/conocenos/valencia/,,https://universidadeuropea.com/tu-experiencia/study-abroad/,public university,Spain,"$89,024",,,,,
ECOLE EUROPEENNE SUPERIEURE D'ART DE BRETAGNE,3452,B5,General Director,Claire,Jacquet,contact@eesab.fr,(+33 2 23 62 22 64,https://www.eesab.fr/eesab/lorganisation/#,(+33 2 23 62 22 64,contact@eesab.fr,https://www.eesab.fr,N/A,https://www.aup.ac.uk/international/international-partnerships,Public Institution for Cultural Cooperation (EPCC),France,"$88,995",,,,,
OGEC St Joseph,1881,B3,President,Dominique,Florent,info@collegedeparis.fr,33 1 73 01 20 20,"https://fr.linkedin.com/in/jean-nicolas-moreau-b8889210#:~:text=Jean%20Nicolas%20Moreau%20%2D%20President%20%2D%20Ogec,'ESPC%20SAINT%2DJOSEPH%20%7C%20LinkedIn",33 1 73 01 20 20,info@collegedeparis.fr,https://www.collegedeparis.com/international/international-partners/,https://www.collegedeparis.com/about/our-campuses/,https://www.collegedeparis.com/international/international-partners/,High,France,"$88,714",,,,,
UNIVERSITAT MOZARTEUM SALZBURG,3262,B5,Rector,Elisabeth,Gutjahr,rektorin@moz.ac.at,43 676 881 22 343,https://www.moz.ac.at/en/people/university-management/elisabeth-gutjahr?image=,43 676 88122 523,verena.wintersteller@moz.ac.at,https://www.moz.ac.at/en,https://www.uni-mannheim.de/en/campus/,https://www.moz.ac.at/en/study/international#current-bilateral-partnerships-of-the-mozarteum-university,University,Germany,"$88,247",,,,,
UNIWERSYTET MEDYCZNY W BIALYMSTOKU,3436,B5,Head of International Relations,Anna,Nowakowska,international@umb.edu.pl,(+48 85 748 54 00,https://www.umb.edu.pl/en/erasmus,(+48 85 748 54 01,rekrutacja@umb.edu.pl,https://www.umb.edu.pl,https://www.umb.edu.pl/en/university/campuses,https://www.umb.edu.pl/en/international/partners,Public University,Poland,"$88,096",,,,,
HYBRIA,4100,B6,President,Myriam,BENCHARAA,v.grillet@hybria.fr,(+33)768556186,https://hybria.fr/organisation/,(+33) 4 27 18 55 25,v.grillet@hybria.fr,https://hybria.fr/organisation/,1 campus,https://hybria.fr/devenir-partenaire/,School,France,"$87,813",,,,,
Fundación Universidad Europea del Atlántico,911,B2,Erasmus Coordinator,Mrs. Laura,Martín,laura.martin@uneatlantico.es,349 422 442 44,https://www.uneatlantico.es/oficina-de-relaciones-internacionales/conoce-nuestro-equipo,349 422 442 44,info@uneatlantico.es,https://www.uneatlantico.es,"https://www.google.com/maps/place/C.+Isabel+Torres,+21,+39011+Santander,+Cantabria,+Spain/@43.45178,-3.875904,17z/data=!3m1!4b1!4m6!3m5!1s0xd49485a01a8c5af:0x74cc2e9d2641e217!8m2!3d43.45178!4d-3.875904!16s%2Fg%2F11csjfz7nx?entry=ttu&g_ep=EgoyMDI1MDQwOC4wIKXMDSoJLDEwMjExNDU1SAFQAw%3D%3D",https://www.uneatlantico.es/international-relations,Private university,Spain,"$87,698",,,,,
