row_id,institution,rank,name,designation,designation_local,email,phone,source_url,evidence_quote,why_chosen,verified,verify_note
r004,MAGYAR TESTNEVELÉSI ÉS SPORTTUDOMÁNYI EGYETEM,1,Sterbenz Tamás,Rector,,,,https://www.tf.hu/,Újabb öt évre Sterbenz Tamás a TF rektora,Matches the contact your operators already spoke to. Principal / director (no Erasmus contact found). He is the Rector of the university and was specifically requested as a contact.,yes,name found on page
r004,MAGYAR TESTNEVELÉSI ÉS SPORTTUDOMÁNYI EGYETEM,2,Blanár Denissza,Director,,,+36 1 487 9288,https://www.tf.hu/egyetem/szervezeti-felepites/nemzetkozi-kapcsolatok-igazgatosaga,Blanár Denissza ... Igazgató,"Head of international relations. She is the Director of the International Relations Directorate, responsible for international affairs.",yes,"name, phone found on page"
r004,MAGYAR TESTNEVELÉSI ÉS SPORTTUDOMÁNYI EGYETEM,3,Koppa Györgyi,International relations coordinator,,,36 1 487 9288,https://www.tf.hu/egyetem/szervezeti-felepites/nemzetkozi-kapcsolatok-igazgatosaga,Koppa Györgyi ... Nemzetközi kapcsolatok koordinátor,International relations officer. She serves as an international relations coordinator within the International Relations Directorate.,yes,"name, phone found on page"
r006,Strate,1,Julie Hatté,Responsable Carrières,,,,https://www.strate.design/page/lequipe,Julie Hatté ... Responsable Carrières,Matches the contact your operators already spoke to. Secretary / administration (last resort). Julie Hatté is the contact currently on file for the institution.,yes,name found on page
r006,Strate,2,Adeline Braescu Kerlan,Directrice des partenariats et du développement,,,,https://www.strate.design/page/lequipe,Adeline Braescu Kerlan ... Directrice des partenariats et du développement,Other role. Adeline Braescu Kerlan is the director of partnerships and development.,yes,name found on page
r007,Strate,1,Julie Hatté,Careers Manager,,,,https://www.strate.design/page/lequipe,Julie Hatté ... Responsable Carrières,Matches the contact your operators already spoke to. Secretary / administration (last resort). Julie Hatté is listed as the contact currently on file and manages career services.,yes,name found on page
r008,Ecole Supérieure de Praxis Sociale,1,Cheryl Feuillet-Palma,Director of International Relations,,,,https://www.espci.psl.eu/organisation-gouvernance/directions-et-services/,Cheryl Feuillet-Palma ... Directrice des relations internationales,"Head of international relations. She is the Director of International Relations, responsible for developing international academic partnerships and supporting student and staff mobility.",yes,name found on page
r008,Ecole Supérieure de Praxis Sociale,2,Emmanuelle Gouillart,General Director,,,,https://www.espci.psl.eu/organisation-gouvernance/directions-et-services/,Directrice générale de l’ESPCI Paris – PSL ... Emmanuelle Gouillart assure la direction générale de l’établissement depuis le 26 juin 2026.,Principal / director (no Erasmus contact found). She is the General Director of the institution.,yes,name found on page
r009,Institut Supérieur des Biotechnologies de Paris,1,Vanessa PROUX,General Director,,vanessa.proux@supbiotech.fr,,https://www.supbiotech.fr/ecole-ingenieurs-biotechnologies/equipe/,Vanessa PROUX ... Directrice Génerale,Principal / director (no Erasmus contact found). Vanessa Proux is the General Director of SupBiotech and leads the institution's direction.,yes,"name, email found on page"
r010,VELEUCILISTE S PRAVOM JAVNOSTI BALTAZAR ZAPRESIC,1,Kristina Đolo Labus,Erasmus+ coordinator and Head of the International relations office,,international@bak.hr,,https://www.bak.hr/medunarodna-suradnja/staff-mobility/,Erasmus+ coordinator and Head of the International relations office: ... Kristina Đolo Labus,"Matches the contact your operators already spoke to. Institutional Erasmus+ coordinator. Kristina Đolo Labus is the Erasmus+ Coordinator and Head of the International Relations Office, making her the primary contact for international mobility.",yes,"name, email found on page"
r012,"Codarts, University for the Arts",1,Agesilaou Nicoletta,Erasmus Coordinator,,,,https://cityu.ac.cy/home/erasmus/erasmus-mobility/outgoing-staff/,Erasmus Coordinator – Ms. Agesilaou Nicoletta,Matches the contact your operators already spoke to. Institutional Erasmus+ coordinator. She is the named Erasmus Coordinator and a member of the Selection Committee for Academic Staff.,yes,name found on page
r013,Tomori Pal College,1,Dr. Nemes László,Scientific Vice-Rector,,,,https://tpfk.hu/tudomanyos-elet/polanyi-karoly-szakkollegium/,"Dr. Nemes László egyetemi docens, tudományos rektorhelyettes (nemes(pont)laszlo(kukac)tpfk.hu)",Vice-rector for international affairs. Dr. Nemes László is the Scientific Vice-Rector and is listed with an institutional email address.,yes,name found on page
r016,FORSVARSHOGSKOLAN,1,Robert Egnell,Rektor,,Robert.Egnell@fhs.se,,https://www.fhs.se/,[Robert Egnell.] ... Rektorsblogg,Matches the contact your operators already spoke to. Principal / director (no Erasmus contact found). Robert Egnell is the Rektor (Principal) of the institution and is the contact currently on file. Own work email found on a page naming them.,yes,"name, email found on page"
r017,"Vysoka skola financni a spravni, a.s./University of Finance and Administration",1,"doc. RNDr. Petr Budinský, CSc.","Vice-Rector for International Relations and Lifelong Learning, Member of the Board of Directors",,petr.budinsky@vsfs.cz,210 088 818,https://www.vsfs.cz/kontakty,"prorektor pro mezinárodní vztahy a celoživotní vzdělávání, ... doc. RNDr. Petr Budinský, CSc. |",Vice-rector for international affairs. He is the Vice-Rector for International Relations and handles international matters at the institution.,yes,"name, email, phone found on page (site certificate could not be verified)"
r017,"Vysoka skola financni a spravni, a.s./University of Finance and Administration",2,Dr. Bohuslava Šenkýřová,"Rector, Chair of the Board of Directors",,sekretariat@vsfs.cz,210 088 849,https://www.vsfs.cz/kontakty,"rektorka, předsedkyně představenstva | ... Dr. Bohuslava Šenkýřová |",Principal / director (no Erasmus contact found). She is the Rector and head of the institution.,yes,"name, email, phone found on page (site certificate could not be verified)"
r018,TECHNISCHE HOCHSCHULE WILDAU,1,Dipl.-Wirtsch.infor. (FH) Carolina Maria Winkler,Ihre Ansprechperson für den Studierendenaustausch (Incoming),,carolina.winkler@th-wildau.de,+49 3375 508 378,https://www.th-wildau.de/hochschule/zentrale-einrichtungen/zentrum-fuer-internationale-angelegenheiten/international-office/internationale-partnerschaften,Ihre Ansprechperson für den Studierendenaustausch (Incoming) ... Dipl.-Wirtsch.infor. (FH) Carolina Maria Winkler,Mobility coordinator. She is the contact person for incoming student exchange.,yes,"name, email, phone found on page"
r019,Panevezio kolegija,1,Laima Mikalajūnienė,"Head of the International Relations, Marketing and Projects Department",,laima.mikalajuniene@panko.lt,+370 45 433044,https://panko.lt/en/international-relations/erasmus/,"Laima Mikalajūnienė ... Head of the International Relations, Marketing and Projects Department",Head of international relations. She heads the international relations department handling Erasmus and international mobility.,yes,"name, email, phone found on page"
r019,Panevezio kolegija,2,Asta Grubinskienė,"Coordinator of International Relations at the International Relations, Marketing and Projects Department",,asta.grubinskiene@panko.lt,+370 609 75114,https://panko.lt/en/international-relations/erasmus/,"Asta Grubinskienė ... Coordinator of International Relations at the International Relations, Marketing and Projects Department",Mobility coordinator. She is the international relations coordinator on file and deals with Erasmus and mobility applications.,yes,"name, email, phone found on page"
r019,Panevezio kolegija,3,Jurgita Lieponienė,Director,,jurgita.lieponiene@panko.lt,+370 684 74717,https://panko.lt/en/contacts/,Dr. Jurgita Lieponienė ... Director,Principal / director (no Erasmus contact found). She is the Director of the institution.,yes,"name, email, phone found on page"
r020,PAEDAGOGISCHE HOCHSCHULE OBEROSTERREICH,1,Michaela Rossmann,Head of Centre for Internationalisation,,michaela.rossmann@ph-ooe.at,,https://ph-ooe.at/ueber-uns/international/partner-networks,Michaela Rossmann ... Head of Centre for Internationalisation,"Head of international relations. Michaela Rossmann is the Head of Centre for Internationalisation, making her the primary contact for international relations and Erasmus+ mobility.",yes,"name, email found on page"
r021,ESA Saint-Luc Liège,1,Stefan Askew,International Relations,,service.international@saint-luc.be,+32 4 341 81 41,https://www.saint-luc.be/contact/,Relations internationales ... Stefan Askew,Matches the contact your operators already spoke to. International relations officer. Stefan Askew is explicitly identified as the contact for international mobility for students and staff.,yes,"name, email, phone found on page"
r028,POLITECHNIKA KOSZALINSKA,1,Ewa Glijerska-Bałasz,Head of the International Mobility Office,,egbalasz@tu.koszalin.pl,94 34 86 537,https://www.tu.koszalin.pl/kat/261/biuro-mobilnosci-miedzynarodowej,Kierownik - Ewa Glijerska-Bałasz,Matches the contact your operators already spoke to. Head of international relations. She is the Head of the International Mobility Office and the primary contact for international mobility.,yes,"name, email, phone found on page"
r028,POLITECHNIKA KOSZALINSKA,2,Ewa Rybczyńska,Erasmus+ Institutional Coordinator,,ewa.rybczynska@tu.koszalin.pl,94 34 86 553,https://tu.koszalin.pl/erasmus/kat/1223/kontakt,Ewa Rybczyńska ... Uczelniany Koordynator Erasmus+ / Umowy międzyuczelniane Erasmus+ / Pracownicy wyjeżdżający (STT),Institutional Erasmus+ coordinator. She is explicitly designated as the Institutional Erasmus+ Coordinator.,yes,"name, email, phone found on page"
r028,POLITECHNIKA KOSZALINSKA,3,Julia Bożek,Senior Referent,,julia.bozek@tu.koszalin.pl,94 34 86 537,https://www.tu.koszalin.pl/kat/261/biuro-mobilnosci-miedzynarodowej,Starszy referent - Julia Bożek,International relations officer. She is a staff member of the International Mobility Office handling student and staff mobility.,yes,"name, email, phone found on page"
r030,Fundació Privada Universitat Abat Oliba CEU,1,Małgorzata Śmigiel,Director of International Relations,,internacional@uao.es,,https://www.uaoceu.es/internacionalizaci%C3%B3n,Directora de Relaciones Internacionales: Małgorzata Śmigiel,Matches the contact your operators already spoke to. Head of international relations. She is the Director of International Relations and the primary contact for international mobility.,yes,previously verified; page not in this run's cache (reused prior result)
r030,Fundació Privada Universitat Abat Oliba CEU,2,Moana Costanzo,International Coordinator,,internacional@uao.es,,https://www.uaoceu.es/internacionalizaci%C3%B3n,Coordinadora internacional: Moana Costanzo,Mobility coordinator. She serves as the International Coordinator within the International Relations Service.,yes,previously verified; page not in this run's cache (reused prior result)
r030,Fundació Privada Universitat Abat Oliba CEU,3,Swen Seebach,"Vice-Rector for Quality, University Strategy and Internationalization",,sseebach@uao.es,,https://www.uaoceu.es/internacionalizaci%C3%B3n,"Swen Seebach – Vicerrector de Calidad, Estrategia Universitaria",Vice-rector for international affairs. He is the Vice-Rector for Internationalization and oversees international strategy.,yes,previously verified; page not in this run's cache (reused prior result)
r033,NUOVA ACCADEMIA SRL,1,Annalisa Bottoni,Quality and Accreditation Unit coordinator,,,,https://www.naba.it/en/accreditation#international,The Evaluation Committee is supported by the Quality and Accreditation Unit coordinated by Annalisa Bottoni.,Matches the contact your operators already spoke to. Secretary / administration (last resort). Annalisa Bottoni is the contact person for the Quality and Accreditation Unit and is explicitly mentioned as a contact on file.,yes,name found on page (site certificate could not be verified)
r034,Institut Supérieur de Gestion,1,Elodie GRAY,Erasmus+ Coordinator,,elodie.gray@isg.fr,+33 1 56 26 26 24,https://www.isg.fr/international/le-programme-erasmus/,Élodie GRAY ... Coordinatrice Erasmus+,Matches the contact your operators already spoke to. Institutional Erasmus+ coordinator. Elodie GRAY is explicitly named as the Erasmus+ Coordinator responsible for international mobility.,yes,"name, email, phone found on page"
r035,Folkwang Universität der Künste,1,Dr. Christiane Boje-Karaaslan,Head of International Office,,boje-karaaslan@folkwang-uni.de,,https://www.folkwang-uni.de/home/hochschule/international/international-office,Dr. Christiane Boje-Karaaslan ... Dezernat Studium und Internationales | International Office | Leitung,"Matches the contact your operators already spoke to. Head of international relations. She is the Head of the International Office, making her the primary contact for international relations and mobility. Own work email found on a page naming them.",yes,"name, email found on page"
r035,Folkwang Universität der Künste,2,Nora Naujoks,Central Student Advisory and International Office Officer,,,,https://www.folkwang-uni.de/home/hochschule/international/international-office,Nora Naujoks ... Dezernat Studium und Internationales | Zentrale Studienberatung | International Office,"International relations officer. She works in the International Office and Central Student Advisory, coordinating international student matters.",yes,name found on page
r035,Folkwang Universität der Künste,3,"Angela Wallenzus, M.A.",Exchange Coordinator for Faculty 4,,,6505-1408,https://www.folkwang-uni.de/home/hochschule/international/international-office,"Angela Wallenzus, M.A. ... Dezernat Studium und Internationales | International Office | Austausch Koordinatorin FB 4",Faculty-level Erasmus/international coordinator. She is the exchange coordinator for Faculty 4 within the International Office.,yes,"name, phone found on page"
r041,Haute école des arts du Rhin,1,Stéphane Sauzedde,Director,,stephane.sauzedde@hear.fr,33 (0)3 69 06 37 64,https://www.hear.fr/hear-en/contacts-en/,Stéphane Sauzedde ... Director,Matches the contact your operators already spoke to. Principal / director (no Erasmus contact found). Stéphane Sauzedde is the Director of the institution and is also currently on file. Own work email found on a page naming them.,yes,"name, email, phone found on page"
r041,Haute école des arts du Rhin,2,Sophie Madjibé,Head of International Relations,,firstname.name@hear.fr,33 (0)3 69 06 37 73,https://www.hear.fr/hear-en/contacts-en/,Sophie Madjibé ... Head of International Relations,"Head of international relations. Sophie Madjibé is the Head of International Relations, overseeing international exchange.",yes,"name, email, phone found on page"
r041,Haute école des arts du Rhin,3,Anaïs Menrath,Student Mobility Officer,,,33 (0)3 69 06 37 71,https://www.hear.fr/hear-en/contacts-en/,Anaïs Menrath ... Student Mobility Officer,Mobility coordinator. Anaïs Menrath handles student mobility and international relations.,yes,"name, phone found on page"
r043,"Vysoká škola NEWTON, a.s.",1,"Ing. Ludmila Hruban, Ph.D., MSc.",Academic Director of Centre for International Programmes & Language Centre,,ludmila.hruban@newton.university,,https://newton.university/en/about-us/management/,"Ing. Ludmila Hruban, Ph.D., MSc. ... Academic Director of Centre for International Programmes & Language Centre","Head of international relations. She leads the Centre for International Programmes, which is directly responsible for international mobility.",yes,"name, email found on page"
r043,"Vysoká škola NEWTON, a.s.",2,"prof. Mgr. Dagmar Cagáňová, PhD.",Vice-Chancellor for Internationalisation,,dagmar.caganova@newton.university,,https://newton.university/en/about-us/management/,"prof. Mgr. Dagmar Cagáňová, PhD. ... Vice-Chancellor for Internationalisation","Vice-rector for international affairs. As Vice-Chancellor for Internationalisation, she is the most relevant contact for international mobility and Erasmus+ partnerships.",yes,"name, email found on page"
r043,"Vysoká škola NEWTON, a.s.",3,Ing. Miriam Habibi,Event Manager,,events@newton.university,,https://newton.university/inovace-a-partnerstvi/partnerske-akce/,Ing. Miriam Habibi ... Event Manager,"Secretary / administration (last resort). She manages events and partnerships, serving as a contact point for external cooperation.",yes,"name, email found on page"
r045,LYCEE HOTELLERIE TOURISME GUADELOUPE (CAMPUS DES METIERS TOURISME GUADELOUPE TI-VAG),1,Evely Paulino Biras,Operational Director,,,,https://campustivag.com/les-erasmus-days-2024-celebration-de-la-mobilite-et-de-lechange-culturel/,"Madame Marlène Borel, présidente du Campus Mobilité TI-VAG, Monsieur Pierre-Eric Marcial, proviseur, et Madame Evely Paulino Biras, directrice opérationnelle, ont le plaisir d’inviter élèves, étudiants et enseignants à un forum d’échanges et de retour d’expériences.",Principal / director (no Erasmus contact found). She is the Operational Director of the Campus and is listed as a key contact for international mobility events.,no,cited page was not read by the fetcher (cannot check)
r045,LYCEE HOTELLERIE TOURISME GUADELOUPE (CAMPUS DES METIERS TOURISME GUADELOUPE TI-VAG),2,Marlène Borel,President,,,,https://campustivag.com/les-erasmus-days-2024-celebration-de-la-mobilite-et-de-lechange-culturel/,"Madame Marlène Borel, présidente du Campus Mobilité TI-VAG, Monsieur Pierre-Eric Marcial, proviseur, et Madame Evely Paulino Biras, directrice opérationnelle, ont le plaisir d’inviter élèves, étudiants et enseignants à un forum d’échanges et de retour d’expériences.",Principal / director (no Erasmus contact found). She is the president of the Campus and is listed as a key contact for international mobility events.,no,cited page was not read by the fetcher (cannot check)
r046,PAEDAGOGISCHE HOCHSCHULE NIEDERÖSTERREICH,1,René-Christian Foidl,Erasmus+ Coordinator,,,,https://www.ph-noe.ac.at/de/ph-noe/wir-ueber-uns/zentren/internationales-qualitaet/erasmus-programmueberblick-3,"René-Christian Foidl ... Hochschullehrender, Erasmus+ Koordinator",Institutional Erasmus+ coordinator. René-Christian Foidl is explicitly listed as the Erasmus+ Coordinator for the institution.,yes,name found on page (site certificate could not be verified)
r046,PAEDAGOGISCHE HOCHSCHULE NIEDERÖSTERREICH,2,Jennifer Beck-Saiz,Coordinator of the Center for International Affairs,,,,https://www.ph-noe.ac.at/de/ph-noe/wir-ueber-uns/zentren/internationales-qualitaet/erasmus-programmueberblick/erasmus-staff-mobility-for-teaching,"Jennifer Beck-Saiz ... Koordinatorin des Zentrums für Internationales, Hochschullehrende",Head of international relations. Jennifer Beck-Saiz coordinates the Center for International Affairs.,yes,name found on page (site certificate could not be verified)
r046,PAEDAGOGISCHE HOCHSCHULE NIEDERÖSTERREICH,3,Fabian Staudinger,Staff and Student Mobility Coordinator,,,,https://www.ph-noe.ac.at/de/ph-noe/wir-ueber-uns/zentren/internationales-qualitaet/erasmus-programmueberblick-3,"Fabian Staudinger ... Hochschullehrender / Lehrgangsleiter: HLG a.o. Masterstudium Bildungs-, Berufs- und Lebensorientierung / Staff and Student Mobility Coordinator",Mobility coordinator. Fabian Staudinger holds the role of Staff and Student Mobility Coordinator.,yes,name found on page (site certificate could not be verified)
r049,Institut Mines Telecom - Telecom ParisTech,1,Jean-François Naviner,Director of International Relations,,jean-francois.naviner@telecom-paris.fr,,https://www.telecom-paris.fr/en/international/strategy/our-team,Jean-François Naviner <jean-francois.naviner@telecom-paris.fr> ... Director of International Relations,Matches the contact your operators already spoke to. Head of international relations. He is the Director of International Relations and was identified as the contact on file.,yes,"name, email found on page"
r049,Institut Mines Telecom - Telecom ParisTech,2,Nicolas Prost,"Erasmus+ Coordinator, International Projects Manager",,nicolas.prost@telecom-paris.fr,,https://www.telecom-paris.fr/en/international/strategy/our-team,"Nicolas Prost <nicolas.prost@telecom-paris.fr> ... Erasmus+ Coordinator, International Projects Manager",Institutional Erasmus+ coordinator. He is explicitly designated as the Erasmus+ Coordinator for the institution.,yes,"name, email found on page"
r049,Institut Mines Telecom - Telecom ParisTech,3,Catherine Vazza,Deputy Director of International Relations and Outgoing Mobility Manager,,catherine.vazza@telecom-paris.fr,,https://www.telecom-paris.fr/en/international/strategy/our-team,Catherine Vazza <catherine.vazza@telecom-paris.fr> ... Deputy Director of International Relations and Outgoing Mobility Manager,Head of international relations. She serves as the Deputy Director of International Relations and manages outgoing mobility.,yes,"name, email found on page"
r055,Szkola Glowna Turystyki i Hotelarstwa Vistula,1,Davut Han Aslan,International students’ Coordinator,,d.aslan@vistula.edu.pl,+48 22 457 24 31,https://vistula.edu.pl/en/contact/student/popular-cases/erasmus,"International students’ Coordinator ... Davut Han Aslan, PhD",Mobility coordinator. He is the International students’ Coordinator and handles international mobility and student support.,yes,"name, email, phone found on page (site certificate could not be verified)"
