row_id,duplicate_of,institution_original,country_original,phone_original,person_original,designation_original,email_original,institution_scraped,institution_type,official_website,country_scraped,country_source_url,country_verified,phone_scraped,phone_source_url,phone_verified,phone_alt,person_scraped,designation_scraped,designation_local,email_scraped,office_email,contact_phone,contact_source_url,contact_evidence,contact_verified,contact_verify_note,rung,confidence,needs_human_check,changed_vs_sheet,partners_found,partners_verified,campuses_found,campuses_verified,partners_coverage,campuses_coverage,network_truncated,multiplier_hook,network_note,notes,scraped_at,method
r001,,UNIVERSITAET DER BUNDESWEHR MUENCHEN,Germany,49 89 6004 2524,Maria Mendez,Outbound Mobility Coordinator,maria.mendez@unibw.de,UNIVERSITAET DER BUNDESWEHR MUENCHEN,unknown,,,,,,,,,,,,,,,,,,no contact found,,0,yes,,,,,,,,,,website not found,Website not found (email domain: https://www.unibw.de/ -> could not read https://www.unibw.de/ (URLError: <urlopen error timed out>); email domain: https://unibw.de/ -> could not read https://unibw.de/ (URLError: <urlopen error timed out>); web search (DuckDuckGo): https://www.unibw.de/ -> could not read https://www.unibw.de/ (URLError: <urlopen error timed out>); web search (DuckDuckGo): https://www.bundeswehr.de/ -> homepage does not mention this institution's name or phone; web search (DuckDuckGo): https://service.bund.de/ -> homepage does not mention this institution's name or phone; web search (DuckDuckGo): http://www.unibw.org/ -> homepage does not mention this institution's name or phone),2026-10-08T17:46:02Z,not read
r002,,HOCHSCHULE KAISERSLAUTERN,Germany,(+49) 631 3724-2175,Zilan Dula,International office,zilan.dula@hs-kl.de,HOCHSCHULE KAISERSLAUTERN,university,https://www.hs-kl.de/,,,,,,,,,,,,,,,,,no contact found,,0.2,yes,,122,122,3,3,122 verified of ~200 stated (rest of the list not readable),3 verified of ~200 stated (rest of the list not readable),yes,,The evidence provides a comprehensive list of international partner universities. No specific Erasmus+ coordinator contact details were found in the provided text. 2 page(s) could not be read.,site found via: email domain. mode: gemini. 2 page(s) could not be read.,2026-10-08T17:46:18Z,AI-read
r003,,University of Europe for Applied Sciences GmbH,Germany,49 2371 776 511,Frau Katja Bahtat,erasmus coordinator,International.office.iserlohn@ ue-germany.de.,University of Europe for Applied Sciences GmbH,university,https://www.ue-germany.com/,,,,,,,,,,,,,,,,,no contact found,,0.2,yes,,49,49,5,5,49 of 49 verified,5 of 5 verified,,,The evidence provides a list of corporate and industry partners but does not contain a formal list of Erasmus+ partner universities. Specific contact details for an Erasmus coordinator are not provided.,site found via: web search (DuckDuckGo). mode: gemini.,2026-10-08T17:44:28Z,AI-read
r004,,MAGYAR TESTNEVELÉSI ÉS SPORTTUDOMÁNYI EGYETEM,Hungary,36-1-487-9200,"Tamás , Sterbenz",Rector,info@tf.hu,MAGYAR TESTNEVELÉSI ÉS SPORTTUDOMÁNYI EGYETEM,university,https://www.tf.hu/,,,,+36-1-487-9200,https://www.tf.hu/,yes,,Sterbenz Tamás,Rector,,,,,https://www.tf.hu/,Újabb öt évre Sterbenz Tamás a TF rektora,yes,name found on page,Matches the contact your operators already spoke to. Principal / director (no Erasmus contact found). He is the Rector of the university and was specifically requested as a contact.,0.45,yes,contact_name,40,40,2,2,40 of 40 verified,2 of 2 verified,,,The evidence provides a list of project-based partners but does not contain a comprehensive list of Erasmus+ bilateral agreements. Contact information for international relations staff is provided.,site found via: email domain. mode: gemini.,2026-10-08T17:45:01Z,AI-read
r005,,VYSOKÁ ŠKOLA EKONÓMIE A MANAŽMENTU V BRATISLAVE,Slovakia,421 949 778 058​,Serhii SMALIUHA,erasmus coordinator,serhii.smaliuha@vsemba.sk,VYSOKÁ ŠKOLA EKONÓMIE A MANAŽMENTU V BRATISLAVE,university,https://www.vsemba.sk/,,,,,,,,,,,,,,,,,no contact found,,0.2,yes,,89,89,2,2,89 of 89 verified,2 of 2 verified,,,The evidence provides a comprehensive list of Erasmus+ partners and contact information for the international office. No major information appears to be missing. 2 page(s) could not be read.,site found via: email domain. mode: gemini. 2 page(s) could not be read.,2026-10-08T17:46:24Z,AI-read
r006,,Strate,France,33 1 46 42 88 77,Julie Hatté,Erasmus Manager,info@strate.design,Strate,college,https://www.strate.design/page/lequipe,,,,,,,,Julie Hatté,Responsable Carrières,,,,,https://www.strate.design/page/lequipe,Julie Hatté ... Responsable Carrières,yes,name found on page,Matches the contact your operators already spoke to. Secretary / administration (last resort). Julie Hatté is the contact currently on file for the institution.,0.3,yes,,136,136,3,3,136 of 136 verified,3 verified of ~70 stated (rest of the list not readable),,,The evidence provides a comprehensive list of international academic partners. No specific Erasmus+ mobility agreements are detailed beyond the general mention of academic exchanges.,site found via: email domain. mode: gemini.,2026-10-08T17:46:22Z,AI-read
r007,,Strate,France,33 1 46 42 88 77,Julie Hatté,Erasmus Manager,info@strate.design,Strate,college,https://www.strate.design/page/lequipe,France,https://www.strate.design/,yes,,,,,Julie Hatté,Careers Manager,,,,,https://www.strate.design/page/lequipe,Julie Hatté ... Responsable Carrières,yes,name found on page,Matches the contact your operators already spoke to. Secretary / administration (last resort). Julie Hatté is listed as the contact currently on file and manages career services.,0.3,yes,,136,136,3,3,136 of 136 verified,3 verified of ~70 stated (rest of the list not readable),,,"The evidence provides the complete list of partner schools and institutions abroad, along with campuses and key staff members.",site found via: email domain. mode: gemini.,2026-10-08T17:48:13Z,AI-read
r008,,Ecole Supérieure de Praxis Sociale,France,(+33) 1 4079 4485,Ricardo LOBO,Director of international relations,international@espci.psl.eu,Ecole Supérieure de Praxis Sociale,university,https://www.espci.psl.eu/,France,https://www.espci.psl.eu/,no,,,,,Cheryl Feuillet-Palma,Director of International Relations,,,,,https://www.espci.psl.eu/organisation-gouvernance/directions-et-services/,Cheryl Feuillet-Palma ... Directrice des relations internationales,no,cited page was not read by the fetcher (cannot check),"Head of international relations. She is the Director of International Relations, responsible for developing international academic partnerships and supporting student and staff mobility.",0.75,yes,contact_name,6,0,1,0,0 of 6 verified,0 of 1 verified,,,"The evidence does not contain a list of international partner universities or specific Erasmus agreements, only mentioning general collaboration with PSL institutions and CNRS. No direct email addresses or phone numbers for the contacts are available in the text. 3 page(s) could not be read.",site found via: email domain. mode: gemini. 3 page(s) could not be read.,2026-10-08T17:48:10Z,AI-read
r009,,Institut Supérieur des Biotechnologies de Paris,France,(+33)184071959,Sakina Mohammad,International relation coordinator,sakina1.mohamed@supbiotech.fr,Institut Supérieur des Biotechnologies de Paris,school,https://www.supbiotech.fr/,,,,,,,,Vanessa PROUX,General Director,,vanessa.proux@supbiotech.fr,,,https://www.supbiotech.fr/ecole-ingenieurs-biotechnologies/equipe/,Vanessa PROUX ... Directrice Génerale,no,cited page was not read by the fetcher (cannot check),Principal / director (no Erasmus contact found). Vanessa Proux is the General Director of SupBiotech and leads the institution's direction.,0.6,,contact_name;email,128,0,2,0,0 of 128 verified,0 verified of ~118 stated (rest of the list not readable),,,"The evidence provides the names and locations of numerous partner universities worldwide, as well as general administrative and leadership contacts, but lacks a specific named international mobility coordinator or Erasmus officer.",site found via: email domain. mode: gemini.,2026-10-08T17:48:00Z,AI-read
r010,,VELEUCILISTE S PRAVOM JAVNOSTI BALTAZAR ZAPRESIC,Croatia,385911909003,Kristina Đolo Labus,INTERNATIONAL,kdololabus@bak.hr,VELEUCILISTE S PRAVOM JAVNOSTI BALTAZAR ZAPRESIC,college,https://www.bak.hr/,Croatia,https://www.bak.hr/medunarodna-suradnja/international-staff-week-on-personal-leadership-in-higher-education/,no,00385911909003,https://www.bak.hr/medunarodna-suradnja/international-staff-week-on-personal-leadership-in-higher-education/,no,,Kristina Đolo Labus,Erasmus+ coordinator and Head of the International relations office,,international@bak.hr,,,https://www.bak.hr/medunarodna-suradnja/staff-mobility/,Erasmus+ coordinator and Head of the International relations office: ... Kristina Đolo Labus,no,cited page was not read by the fetcher (cannot check),"Matches the contact your operators already spoke to. Institutional Erasmus+ coordinator. Kristina Đolo Labus is the Erasmus+ Coordinator and Head of the International Relations Office, making her the primary contact for international mobility.",0.95,,email,3,0,1,0,0 verified of ~50 stated (rest of the list not readable),0 verified of ~50 stated (rest of the list not readable),yes,,"The evidence mentions that the institution has more than 50 partner institutions, but a full explicit list of partner institutions is not provided in the text lines.",site found via: email domain. mode: gemini.,2026-10-08T17:47:41Z,AI-read
r011,r010,VELEUCILISTE S PRAVOM JAVNOSTI BALTAZAR ZAPRESIC,Croatia,385911909003,Kristina Đolo Labus,RELATIONS OFFICE,kdololabus@bak.hr,VELEUCILISTE S PRAVOM JAVNOSTI BALTAZAR ZAPRESIC,college,https://www.bak.hr/,Croatia,https://www.bak.hr/medunarodna-suradnja/international-staff-week-on-personal-leadership-in-higher-education/,no,00385911909003,https://www.bak.hr/medunarodna-suradnja/international-staff-week-on-personal-leadership-in-higher-education/,no,,Kristina Đolo Labus,Erasmus+ coordinator and Head of the International relations office,,international@bak.hr,,,https://www.bak.hr/medunarodna-suradnja/staff-mobility/,Erasmus+ coordinator and Head of the International relations office: ... Kristina Đolo Labus,no,cited page was not read by the fetcher (cannot check),"Matches the contact your operators already spoke to. Institutional Erasmus+ coordinator. Kristina Đolo Labus is the Erasmus+ Coordinator and Head of the International Relations Office, making her the primary contact for international mobility.",0.95,,email,3,0,1,0,0 verified of ~50 stated (rest of the list not readable),0 verified of ~50 stated (rest of the list not readable),yes,,"The evidence mentions that the institution has more than 50 partner institutions, but a full explicit list of partner institutions is not provided in the text lines.",site found via: email domain. mode: gemini.,2026-10-08T17:47:41Z,AI-read
r012,,"Codarts, University for the Arts",Netherlands,35722332333,Ms. Agesilaou Nicoletta,Erasmus Office Co-ordinator,n.agesilaou@cityu.ac.cy,"Codarts, University for the Arts",college,https://cityu.ac.cy/,Cyprus,https://cityu.ac.cy/home/erasmus/erasmus-mobility/,no,+357 22332333,https://cityu.ac.cy/,no,,Agesilaou Nicoletta,Erasmus Coordinator,,,,,https://cityu.ac.cy/home/erasmus/erasmus-mobility/outgoing-staff/,Erasmus Coordinator – Ms. Agesilaou Nicoletta,no,cited page was not read by the fetcher (cannot check),Matches the contact your operators already spoke to. Institutional Erasmus+ coordinator. She is the named Erasmus Coordinator and a member of the Selection Committee for Academic Staff.,0.8,yes,country;contact_name,11,0,4,0,0 of 11 verified,0 of 4 verified,,,"The evidence provides a list of specific project partners and some international partners, but does not contain a comprehensive list of all Erasmus+ partner institutions.",site found via: email domain. mode: gemini.,2026-10-08T17:47:49Z,AI-read
r013,,Tomori Pal College,Hungary,36 1 362 1551,Csaba Rédei,Director of International Relations,redei.csaba@tpfk.hu,Tomori Pal College,college,https://tpfk.hu/,Hungary,https://tpfk.hu/erasmus/oktatoi-mobilitas/,no,+36 1 362 1551,https://tpfk.hu/,no,,Dr. Nemes László,Scientific Vice-Rector,,,,,https://tpfk.hu/tudomanyos-elet/polanyi-karoly-szakkollegium/,"Dr. Nemes László egyetemi docens, tudományos rektorhelyettes (nemes(pont)laszlo(kukac)tpfk.hu)",no,cited page was not read by the fetcher (cannot check),Vice-rector for international affairs. Dr. Nemes László is the Scientific Vice-Rector and is listed with an institutional email address.,0.6,yes,contact_name,26,0,2,0,0 of 26 verified,0 of 2 verified,,,"The institution provides a list of partner institutions, but does not state a total number of partners. No specific Erasmus coordinator contact is named, so the Vice-Rector is provided. 2 page(s) could not be read.",site found via: email domain. mode: gemini. 2 page(s) could not be read.,2026-10-08T17:49:00Z,AI-read
r014,,IPAC,France,33 4 50 45 13 91,Céline ROBERT MITHIEUX,head of international office,info@ipac-france.com,IPAC,college,https://www.ipac-france.com/,France,https://www.ipac-france.com/ecoles-du-groupe-eduservices,no,,,,,,,,,,,,,,no contact found,,0.2,yes,,105,0,5,0,0 verified of ~15000 stated (rest of the list not readable),0 verified of ~15000 stated (rest of the list not readable),yes,,"The evidence lists over 50 international partner universities across Europe, America, Asia, and Oceania, but does not provide contact details (names, emails, or phone numbers) for the international relations office or Erasmus coordinators.",site found via: email domain. mode: gemini.,2026-10-08T17:50:54Z,AI-read
r015,r014,IPAC,France,33(0)4 50 45 32 47,Céline ROBERT MITHIEUX,head of international office,celine.robert-mithieux@ipac-france.com,IPAC,college,https://www.ipac-france.com/,France,https://www.ipac-france.com/ecoles-du-groupe-eduservices,no,,,,,,,,,,,,,,no contact found,,0.2,yes,,105,0,5,0,0 verified of ~15000 stated (rest of the list not readable),0 verified of ~15000 stated (rest of the list not readable),yes,,"The evidence lists over 50 international partner universities across Europe, America, Asia, and Oceania, but does not provide contact details (names, emails, or phone numbers) for the international relations office or Erasmus coordinators.",site found via: email domain. mode: gemini.,2026-10-08T17:50:54Z,AI-read
r016,,FORSVARSHOGSKOLAN,Sweden,46 8-55342768,Robert Egnell,Rector,Robert.Egnell@fhs.se,FORSVARSHOGSKOLAN,university,https://www.fhs.se/,,,,,,,,Robert Egnell,Rektor,,Robert.Egnell@fhs.se,,,https://www.fhs.se/,[Robert Egnell.] ... Rektorsblogg,no,cited page was not read by the fetcher (cannot check),Matches the contact your operators already spoke to. Principal / director (no Erasmus contact found). Robert Egnell is the Rektor (Principal) of the institution and is the contact currently on file. Own work email found on a page naming them.,0.45,,,0,0,3,0,none published,0 of 3 verified,,,The evidence provides contact information for international student exchanges but does not list specific partner institutions or a total count of agreements.,site found via: email domain. mode: gemini.,2026-10-08T17:48:46Z,AI-read
r017,,"Vysoka skola financni a spravni, a.s./University of Finance and Administration",Czech Republic,420) 210 088 819,Andrea Ubrýová,erasmus coordinator,andrea.ubryova@vsfs.cz,"Vysoka skola financni a spravni, a.s./University of Finance and Administration",university,https://www.vsfs.cz/,,,,,,,,"doc. RNDr. Petr Budinský, CSc.","Vice-Rector for International Relations and Lifelong Learning, Member of the Board of Directors",,petr.budinsky@vsfs.cz,,210 088 818,https://www.vsfs.cz/kontakty,"prorektor pro mezinárodní vztahy a celoživotní vzdělávání, ... doc. RNDr. Petr Budinský, CSc. |",no,cited page was not read by the fetcher (cannot check),Vice-rector for international affairs. He is the Vice-Rector for International Relations and handles international matters at the institution.,0.75,,contact_name;email,42,0,4,0,0 of 42 verified,0 of 4 verified,,,"The evidence provides general partner lists and university contacts, but does not list specific Erasmus+ inter-institutional agreement details or a dedicated mobility coordinator. 1 page(s) could not be read.",site found via: email domain. mode: gemini. 1 page(s) could not be read.,2026-10-08T17:50:10Z,AI-read
r018,,TECHNISCHE HOCHSCHULE WILDAU,Germany,49 3375 508 851,Karin Schmidt,Head of the International Office,karin.schmidt[at]th-wildau.de,TECHNISCHE HOCHSCHULE WILDAU,university,https://www.th-wildau.de/,Germany,https://en.th-wildau.de/,no,,,,,Dipl.-Wirtsch.infor. (FH) Carolina Maria Winkler,Ihre Ansprechperson für den Studierendenaustausch (Incoming),,carolina.winkler@th-wildau.de,,+49 3375 508 378,https://www.th-wildau.de/hochschule/zentrale-einrichtungen/zentrum-fuer-internationale-angelegenheiten/international-office/internationale-partnerschaften,Ihre Ansprechperson für den Studierendenaustausch (Incoming) ... Dipl.-Wirtsch.infor. (FH) Carolina Maria Winkler,no,cited page was not read by the fetcher (cannot check),Mobility coordinator. She is the contact person for incoming student exchange.,0.85,,contact_name;email,6,0,1,0,0 verified of ~75 stated (rest of the list not readable),0 verified of ~75 stated (rest of the list not readable),yes,,"The complete list of over 75 partner universities is missing from the provided text, with only WH Zwickau and UCTM Sofia being explicitly named.",site found via: Wikidata. mode: gemini.,2026-10-08T17:50:59Z,AI-read
r019,,Panevezio kolegija,Lithuania,370 609 75114,Jovita Kaziukonytė- Levanienė,COORDINATOR OF INTERNATIONAL RELATIONS,jovita.kaziukonyte@panko.lt,Panevezio kolegija,college,https://panko.lt/,Lithuania,https://panko.lt/en/contacts/,no,+370 609 75114,https://panko.lt/en/international-relations/erasmus/,no,,Laima Mikalajūnienė,"Head of the International Relations, Marketing and Projects Department",,laima.mikalajuniene@panko.lt,,+370 45 433044,https://panko.lt/en/international-relations/erasmus/,"Laima Mikalajūnienė ... Head of the International Relations, Marketing and Projects Department",no,cited page was not read by the fetcher (cannot check),Head of international relations. She heads the international relations department handling Erasmus and international mobility.,0.9,,contact_name;email,6,0,1,0,0 of 6 verified,0 of 1 verified,,,The exact list of Erasmus partner institutions is mentioned as a link but the specific partner names within that list are not present in the evidence text. 2 page(s) could not be read.,site found via: email domain. mode: gemini. 2 page(s) could not be read.,2026-10-08T17:50:32Z,AI-read
r020,,PAEDAGOGISCHE HOCHSCHULE OBEROSTERREICH,Austria,"43 732 7470 7646,",Maria Michelmann,Coordinator Erasmus,maria.michelmann @ ph-ooe.at,PAEDAGOGISCHE HOCHSCHULE OBEROSTERREICH,college,https://ph-ooe.at/,Austria,https://ph-ooe.at/ueber-uns/international/partner-networks,no,,,,,Michaela Rossmann,Head of Centre for Internationalisation,,michaela.rossmann@ph-ooe.at,,,https://ph-ooe.at/ueber-uns/international/partner-networks,Michaela Rossmann ... Head of Centre for Internationalisation,no,cited page was not read by the fetcher (cannot check),"Head of international relations. Michaela Rossmann is the Head of Centre for Internationalisation, making her the primary contact for international relations and Erasmus+ mobility.",0.9,,contact_name;email,0,0,1,0,none published,0 of 1 verified,,,"The evidence mentions an interactive map of Erasmus partner institutions and refers to partner universities across Europe, but does not list the specific names or totals of those partners.",site found via: web search (DuckDuckGo). mode: gemini.,2026-10-08T17:50:47Z,AI-read
r021,,ESA Saint-Luc Liège,Belgium,Service.international@saint-luc.be,Stefan Askew,International office manager,(+32 )43 41 81 41,ESA Saint-Luc Liège,college,https://www.saint-luc.be/,,,,,,,,Stefan Askew,International Relations,,service.international@saint-luc.be,,+32 4 341 81 41,https://www.saint-luc.be/contact/,Relations internationales ... Stefan Askew,no,cited page was not read by the fetcher (cannot check),Matches the contact your operators already spoke to. International relations officer. Stefan Askew is explicitly identified as the contact for international mobility for students and staff.,0.85,,email,46,0,1,0,0 of 46 verified,0 of 1 verified,,,"The evidence provides a list of local and international partners, but does not contain a comprehensive list of all Erasmus+ partner institutions. 1 page(s) could not be read.",site found via: Wikidata. mode: gemini. 1 page(s) could not be read.,2026-10-08T17:50:52Z,AI-read
r022,,Haute Ecole Francisco Ferrer,Belgium,(+32)2 279 59 97,Ilias OUEHHABI,erasmus manager,heff.europe@he-ferrer.eu,Haute Ecole Francisco Ferrer,college,https://www.he-ferrer.eu/,,,,,,,,,,,,,,,,,no contact found,,0.2,yes,,4,0,2,0,0 of 4 verified,0 of 2 verified,,,The evidence does not provide any specific contact information for Erasmus+ or international mobility coordinators. A list of international academic partners is also missing from the provided pages.,site found via: email domain. mode: gemini.,2026-10-08T17:51:00Z,AI-read
r023,,Haute Ecole de la Communauté française Albert Jacquard,Belgium,(+32)81234380,Joël Jacob,Director,info@heaj.be,Haute Ecole de la Communauté française Albert Jacquard,college,https://www.heaj.be/fr/,Belgique,https://www.heaj.be/fr/,no,+32 (0)81 23 43 80,https://www.heaj.be/fr/,no,,,,,,,,,,,no contact found,,0.2,yes,country,116,0,3,0,0 of 116 verified,0 of 3 verified,,,The evidence provides a comprehensive list of international partners by department and continent. No specific total number of partners is stated.,site found via: email domain. mode: gemini.,2026-10-08T17:53:00Z,AI-read
r024,,AKADEMIA BIALSKA NAUK STOSOWANYCH IM. JANA PAWŁA II,Poland,48 83 345 62 47,Agnieszka Kaliszuk,head of international relations Department,a.kaliszuk@akademiabialska.pl,AKADEMIA BIALSKA NAUK STOSOWANYCH IM. JANA PAWŁA II,university,https://akademiabialska.pl/,,,,,,,,,,,,,,,,,no contact found,,0.2,yes,,0,0,1,0,none published,0 of 1 verified,,,"The provided evidence does not contain information about international partners, Erasmus+ agreements, or specific staff members responsible for international relations. 3 page(s) could not be read.",site found via: email domain. mode: gemini. 3 page(s) could not be read.,2026-10-08T17:53:00Z,AI-read
r025,,Duale Hochschule Baden-Württemberg Lörrach,Germany,49 7621 2071 324,Philipp Schließer,Head of International Office,closer@dhbw-loerrach.de,Duale Hochschule Baden-Württemberg Lörrach,university,https://dhbw-loerrach.de/home,,,,,,,,,,,,,,,,,no contact found,,0.2,yes,,3,0,3,0,0 verified of ~750 stated (rest of the list not readable),0 verified of ~750 stated (rest of the list not readable),yes,,The website mentions an International Office but does not list specific staff names or contact details for the coordinators. A full list of Erasmus partner universities is not provided in the text. 1 page(s) could not be read.,site found via: email domain. mode: gemini. 1 page(s) could not be read.,2026-10-08T17:51:25Z,AI-read
r026,,Det Kongelige Danske Musikkonservatorium,Denmark,4572267226,Michael Schönwandt,BOARDS OF DIRECTOR,dkdm@dkdm.dk,Det Kongelige Danske Musikkonservatorium,university,https://www.dkdm.dk/da,,,,+45 72 26 72 26,https://www.dkdm.dk/da,no,,,,,,,,,,,no contact found,,0.2,yes,,0,0,1,0,none published,0 of 1 verified,,,The website provides general contact emails for the international department but does not list any specific named individuals for Erasmus or international mobility roles. No partner list is provided in the evidence.,site found via: email domain. mode: gemini.,2026-10-08T17:51:11Z,AI-read
r027,,INSTITUTE OF TECHNOLOGY SLIGO - ITS,Ireland,(+35) 3 71 915 5222,Patrick McDonald,erasmus person,erasmus.sligo@atu.ie,INSTITUTE OF TECHNOLOGY SLIGO - ITS,university,https://noneuapply.atu.ie/,Ireland,https://noneuapply.atu.ie/,no,+353 (0)71 91 55222,https://noneuapply.atu.ie/contents/content/3-contact-us,no,,,,,,,,,,,no contact found,,0.2,yes,,5,0,3,0,0 of 5 verified,0 of 3 verified,,,The provided evidence does not contain a comprehensive list of Erasmus+ partners or named contact persons for international mobility. Contact information is limited to general international office email addresses.,site found via: web search (DuckDuckGo). mode: gemini.,2026-10-08T17:51:59Z,AI-read
