row_id,institution_name,country_sheet,phone_1,phone_2,contact_name,designation,email,status_raw,duplicate_group,flags,seed_urls
r001,UNIVERSITAET DER BUNDESWEHR MUENCHEN,Germany,49 89 6004 2524,49 89 6004-0,Maria Mendez,Outbound Mobility Coordinator,maria.mendez@unibw.de,,,,https://www.unibw.de/home-en
r002,HOCHSCHULE KAISERSLAUTERN,Germany,(+49) 631 3724-2175,(+49 )631 37240,Zilan Dula,International office,zilan.dula@hs-kl.de,,,,https://www.hs-kl.de/
r003,University of Europe for Applied Sciences GmbH,Germany,49 2371 776 511,49 30 338539500,Frau Katja Bahtat,erasmus coordinator,International.office.iserlohn@ ue-germany.de.,,,,https://www.ue-germany.com/
r004,MAGYAR TESTNEVELÉSI ÉS SPORTTUDOMÁNYI EGYETEM,Hungary,36-1-487-9200,36-1-487-9200,"Tamás , Sterbenz",Rector,info@tf.hu,,,,https://tf.hu/
r005,VYSOKÁ ŠKOLA EKONÓMIE A MANAŽMENTU V BRATISLAVE,Slovakia,421 949 778 058​,421 905 111 183,Serhii SMALIUHA,erasmus coordinator,serhii.smaliuha@vsemba.sk,,,,https://www.vsemba.sk/
r006,Strate,France,33 1 46 42 88 77,33 1 46 42 88 77,Julie Hatté,Erasmus Manager,info@strate.design,,,split from merged cell - verify pairing,https://www.strate.design/ecole-design
r007,Strate,France,33 1 46 42 88 77,33 9 72 20 05 74,Julie Hatté,Erasmus Manager,info@strate.design,,,split from merged cell - verify pairing,https://www.facebook.com/strateecolededesign/
r008,Ecole Supérieure de Praxis Sociale,France,(+33) 1 4079 4485,(+33) 1 4079 4485,Ricardo LOBO,Director of international relations,international@espci.psl.eu,,,,https://www.espci.psl.eu/en/espci-paris-psl/psl-university/
r009,Institut Supérieur des Biotechnologies de Paris,France,(+33)184071959,(+33 )1 84 07 19 00,Sakina Mohammad,International relation coordinator,sakina1.mohamed@supbiotech.fr,Aiman,,,https://www.supbiotech.fr/ecole-ingenieurs-biotechnologies/paris/
r010,VELEUCILISTE S PRAVOM JAVNOSTI BALTAZAR ZAPRESIC,Croatia,385911909003,385 1 3310 321,Kristina Đolo Labus,INTERNATIONAL,kdololabus@bak.hr,,,split from merged cell - verify pairing,https://www.bak.hr/
r011,VELEUCILISTE S PRAVOM JAVNOSTI BALTAZAR ZAPRESIC,Croatia,385911909003,385 1 3310 321,Kristina Đolo Labus,RELATIONS OFFICE,kdololabus@bak.hr,,,split from merged cell - verify pairing,https://www.bak.hr/
r012,"Codarts, University for the Arts",Netherlands,35722332333,357 22 332333,Ms. Agesilaou Nicoletta,Erasmus Office Co-ordinator,n.agesilaou@cityu.ac.cy,,,,https://cityu.ac.cy/
r013,Tomori Pal College,Hungary,36 1 362 1551,36 1 362 1551,Csaba Rédei,Director of International Relations,redei.csaba@tpfk.hu,,,,
r014,IPAC,France,33 4 50 45 13 91,33 4 50 45 13 91,Céline ROBERT MITHIEUX,head of international office,info@ipac-france.com,,,split from merged cell - verify pairing,https://www.ipac-france.com/
r015,IPAC,France,33(0)4 50 45 32 47,33 4 50 45 13 91,Céline ROBERT MITHIEUX,head of international office,celine.robert-mithieux@ipac-france.com,,,split from merged cell - verify pairing,https://www.ipac-france.com/
r016,FORSVARSHOGSKOLAN,Sweden,46 8-55342768,46.8-553 425 00,Robert Egnell,Rector,Robert.Egnell@fhs.se,,,,https://www.fhs.se/
r017,"Vysoka skola financni a spravni, a.s./University of Finance and Administration",Czech Republic,420) 210 088 819,420 210 088 800,Andrea Ubrýová,erasmus coordinator,andrea.ubryova@vsfs.cz,,,,https://www.vsfs.cz/
r018,TECHNISCHE HOCHSCHULE WILDAU,Germany,49 3375 508 851,49 3375 508 300,Karin Schmidt,Head of the International Office,karin.schmidt[at]th-wildau.de,,,,https://en.th-wildau.de/
r019,Panevezio kolegija,Lithuania,370 609 75114,+370 45 460323,Jovita Kaziukonytė- Levanienė,COORDINATOR OF INTERNATIONAL RELATIONS,jovita.kaziukonyte@panko.lt,,,,http://www.panko.lt/
r020,PAEDAGOGISCHE HOCHSCHULE OBEROSTERREICH,Austria,"43 732 7470 7646,",+43 732 74700,Maria Michelmann,Coordinator Erasmus,maria.michelmann @ ph-ooe.at,,,,http://ph-ooe.at/
r021,ESA Saint-Luc Liège,Belgium,Service.international@saint-luc.be,(+32) 4 341 80 00,Stefan Askew,International office manager,(+32 )43 41 81 41,,,,https://www.saint-luc.be/
r022,Haute Ecole Francisco Ferrer,Belgium,(+32)2 279 59 97,(+32) 2 279 58 10,Ilias OUEHHABI,erasmus manager,heff.europe@he-ferrer.eu,,,,https://www.he-ferrer.eu/
r023,Haute Ecole de la Communauté française Albert Jacquard,Belgium,(+32)81234380,(+32)81234380,Joël Jacob,Director,info@heaj.be,,,,https://www.heaj.be/fr/campus/presidence/
r024,AKADEMIA BIALSKA NAUK STOSOWANYCH IM. JANA PAWŁA II,Poland,48 83 345 62 47,48 83 344 99 00,Agnieszka Kaliszuk,head of international relations Department,a.kaliszuk@akademiabialska.pl,,,,https://akademiabialska.pl/
r025,Duale Hochschule Baden-Württemberg Lörrach,Germany,49 7621 2071 324,49 7621 2071 0,Philipp Schließer,Head of International Office,closer@dhbw-loerrach.de,,,,https://dhbw-loerrach.de/home
r026,Det Kongelige Danske Musikkonservatorium,Denmark,4572267226,4572267226,Michael Schönwandt,BOARDS OF DIRECTOR,dkdm@dkdm.dk,,,,http://www.dkdm.dk/
r027,INSTITUTE OF TECHNOLOGY SLIGO - ITS,Ireland,(+35) 3 71 915 5222,(+35) 3 0 74 9186170,Patrick McDonald,erasmus person,erasmus.sligo@atu.ie,,,,https://www.setu.ie/
r028,POLITECHNIKA KOSZALINSKA,Poland,48 94 34 86 537,48 94 347 85 00,Ewa Glijerska- Bałasz,Director of the International Mobility Office,egbalasz@tu.koszalin.pl,,,,https://www.tu.koszalin.pl/
r029,HOCHSCHULE FLENSBURG,Germany,0461/805 - 1200,(+49) (0)461 805 - 1444,Phil Habil,President,praesident@hs-flensburg.de,,,,https://hs-flensburg.de/
r030,Fundació Privada Universitat Abat Oliba CEU,Spain,34 93 254 09 18,34 93 254 09 00,Małgorzata Śmigiel,Director of International Relations,internacional@uao.es,,,,https://www.uaoceu.es/
r031,ECOLE SUPERIEURE DE CHIMIE PHYSIQUE ELECTRONIQUE DE LYON,France,(+33) 4 72 43 17 00,(+33) 4 72 43 17 00,Bertrand Neuschwander,Chairman,contact@cpe.fr.,,,,https://www.cpe.fr/
r032,ECOLE SUPERIEURE EUROPEENNE D'ART DE BRETAGNE,France,(+33) 2 98 00 87 20,(+33) 2 98 00 87 20,Frédérique Calvez,Director,frederique.Calvez@eesab.fr,,,,https://www.eesab.fr/brest/contacts
r033,NUOVA ACCADEMIA SRL,Italy,39 2 973721,39 2 973721,Annalisa Bottoni,international Coordinator,erasmus@naba.it,,,,https://www.naba.it/it/servizi-studenti/erasmus-scambi-internazionali
r034,Institut Supérieur de Gestion,France,33 1 56 26 26 24,331 56 26 26 26,Elodie GRAY,Erasmus+ Coordinator,elodie.gray@isg.fr,,,,https://www.isg.fr/contacts-ecole/
r035,Folkwang Universität der Künste,Germany,49 201_4903-307,49 201 49030,Dr. Christiane Boje-Karaaslan,International Affairs,boje-karaaslan@folkwang-uni.de,,,,https://www.folkwang-uni.de/
r036,MUTHESIUS KUNSTHOCHSCHULE,Germany,49 431 5198 501,+49 431 5198400,Maud Zieschang,International Office,fernweh@muthesius.de,,,,http://www.muthesius-kunsthochschule.de/
r037,DIAKONIA-AMMATTIKORKEAKOULU OY,Finland,358 (5)0 505 6960,358294696000,Suvi Äärilä,Head of International Affairs,"suvi.aarila@diak.fi,",,,,https://www.diak.fi/
r038,KIRCHLICHE PADAGOGISCHE HOCHSCHULE WIEN,Austria,+43 1 29108-104,+43 1 29108-403,Richard Pirolt,Erasmus+ Coordinator,info@dp-wired.de,,,,https://kphvie.ac.at/home.html
r039,Ecole nationale supérieure d'architecture et de paysage de Bordeaux,France,33 (0)5 57 35 11 24,33 5 57 35 11 00,Lisa Casamajou,international officer,ensapbx@bordeaux.archi.fr,,,split from merged cell - verify pairing,https://www.bordeaux.archi.fr/
r040,Ecole nationale supérieure d'architecture et de paysage de Bordeaux,France,33 (0)5 57 35 11 24,33 5 57 35 11 00,Lisa Casamajou,international officer,lisa.casamajou@bordeaux.archi.fr,,,split from merged cell - verify pairing,https://www.bordeaux.archi.fr/
r041,Haute école des arts du Rhin,France,(+33)3 69 06 37 64,(+33)3 69 06 37 64,Stéphane Sauzedde,Director,stephan.sauzedde@hear.fr,,,,https://www.henallux.be/
r042,DUNDALK INSTITUTE OF TECHNOLOGY,Ireland,353 42 9370202.,353 42 9370200,Diarmuid O'Callaghan,President,Diarmuid.OCallaghan@dkit.ie,,,,https://www.dkit.ie/
r043,"Vysoká škola NEWTON, a.s.",Czech Republic,420 739 027 166,420 542 513 410,Jan Orava,erasmus coordinator,jan.orava@newton.university,,,,https://www.newton.university/
r044,"Stichting Protestants Christelijk Hoger Beroepsonderwijs Utrecht, Marnix Academie",Netherlands,31 (0)30 275 3521,31 (0)30 275 3521,Astrid Venes,chairman of executive board,internationaloffice@hsmarnix.nl,,,,https://www.marnixacademie.nl/
r045,LYCEE HOTELLERIE TOURISME GUADELOUPE (CAMPUS DES METIERS TOURISME GUADELOUPE TI-VAG),FRANCE,33 590 85 29 00,33 590 85 29 00,Pierre-Éric Marchal,Principal,contact@campustivag.com,,,,https://campustivag.com/
r046,PAEDAGOGISCHE HOCHSCHULE NIEDERÖSTERREICH,Austria,43 2252 88570108,43 2252 88570108,Elisabeth Windl,Erasmus Coordinator Institution,elisabeth.windl@ph-noe.ac.at.,,,,https://www.ph-noe.ac.at/de/
r047,INSTITUT PAUL BOCUSE ECOLE DE MANAGEMENT,France,33 (0)6 98 20 05 96,33 4 87 63 38 38,Myriam Marescot,International Student Affairs Manager,myriam.marescot@institutpaulbocuse.com,,,,https://www.institutlyfe.com/
r048,LCC International University,Lithuania,+370 46 310745,+370 46 310745,Emily Johnston,Director,Emily.Johnston@nyulangone.org,,,,https://lcc.lt/
r049,Institut Mines Telecom - Telecom ParisTech,France,33 1 75 31 92 01,33 1 75 31 92 00,Jean-François Naviner,Director of International Relation,dircom@telecom-paristech.fr,,,split from merged cell - verify pairing,https://www.telecom-paris.fr/
r050,Institut Mines Telecom - Telecom ParisTech,France,33 1.75.31.94.24,33 1 75 31 92 00,Jean-François Naviner,Director of International Relation,jean-francois.naviner@telecom-paris.fr.,,,split from merged cell - verify pairing,https://www.telecom-paris.fr/
r051,UNIVERSITA VITA-SALUTE SAN RAFFAELE,Italy,39 02 91751 500,39 02 91751 500,Paolo Rotelli,President,unisr@pec.it,,,,https://www.unisr.it/
r052,"Panevropská univerzita, a.s.",Slovakia,420 734 845 028,420 800 555 808,Daniel Hamarneh,Erasmus+ Deputy Coordinator,hamarnehd@vso-praha.eu,,,,http://peuni.cz/
r053,Saint Louis Music Center Srl,Italy,(+39 6 4870017,39 06 487 0017,Rossella Gaudenzi,erasmus coordinator,rossella@slmc.it,,,,https://saintlouis.eu/en/
r054,NORGES IDRETTSHOGSKOLE,Norway,4723262136,+47 23 26 20 00,Mari Corell,Senior Adviser,maric@nih.no,,,,http://www.nih.no/
r055,Szkola Glowna Turystyki i Hotelarstwa Vistula,Poland,(+48 22 45 72 368),(+48 22 45 72 300),Jasurbek Babaev,University Coordinator of the Erasmus+ Program,j.babaev@vistula.edu.pl,,,,https://vistulahospitality.edu.pl/kontakt
