timestamp,extension,manager,reason,sent_ok
2026-10-01T11:44:14.915058+00:00,100,Nadia Theuma,offline during shift hours with work still queued,True
2026-10-01T11:44:14.915058+00:00,101,Felice,offline during shift hours with work still queued,True
2026-10-01T11:44:14.915058+00:00,103,Ali,offline during shift hours with work still queued,True
2026-10-01T11:44:14.915058+00:00,104,Hidayat Ullah,offline during shift hours with work still queued,True
2026-10-01T11:44:14.915058+00:00,106,Meerab,offline during shift hours with work still queued,True
2026-10-01T11:44:14.915058+00:00,107,Gulelala Yousafzai,offline during shift hours with work still queued,True
2026-10-01T11:44:14.915058+00:00,108,Ivan,offline during shift hours with work still queued,True
2026-10-01T11:44:14.915058+00:00,109,Shahid Khan Usmani,offline during shift hours with work still queued,True
2026-10-01T11:44:14.915058+00:00,110,Muhammad Huzaifa,offline during shift hours with work still queued,True
2026-10-01T11:44:14.915058+00:00,111,Tanisha Imam,offline during shift hours with work still queued,True
2026-10-01T11:44:14.915058+00:00,112,Nazish Shabbir,offline during shift hours with work still queued,False
2026-10-01T11:44:14.915058+00:00,113,Saima Abbas,offline during shift hours with work still queued,False
2026-10-01T11:44:14.915058+00:00,117,Hamza Ali,offline during shift hours with work still queued,True
2026-10-01T11:44:14.915058+00:00,124,Daniya (AI dialer line),offline during shift hours with work still queued,True
2026-10-01T12:36:55.657617+00:00,102,Giuseppe Papa,offline during shift hours with work still queued,True
2026-10-01T12:36:55.657617+00:00,105,Zahra Batool,no activity change for 15+ minutes with work still queued,True
2026-10-01T12:37:06.394612+00:00,102,Giuseppe Papa,"5m01s gap between calls (previous ended around 2026-10-01 11:15:45, next started 2026-10-01 11:20:46)",False
2026-10-01T12:37:06.394612+00:00,102,Giuseppe Papa,"12m55s gap between calls (previous ended around 2026-10-01 11:20:46, next started 2026-10-01 11:33:41)",False
2026-10-01T12:37:06.394612+00:00,102,Giuseppe Papa,"5m19s gap between calls (previous ended around 2026-10-01 11:33:41, next started 2026-10-01 11:41:36)",False
2026-10-01T12:37:06.394612+00:00,105,Zahra Batool,"3m50s gap between calls (previous ended around 2026-10-01 09:08:04, next started 2026-10-01 09:15:55)",False
2026-10-01T12:37:06.394612+00:00,105,Zahra Batool,"3m07s gap between calls (previous ended around 2026-10-01 09:15:55, next started 2026-10-01 09:19:02)",False
2026-10-01T12:37:06.394612+00:00,105,Zahra Batool,"3m14s gap between calls (previous ended around 2026-10-01 09:19:02, next started 2026-10-01 09:24:28)",False
2026-10-01T12:37:06.394612+00:00,105,Zahra Batool,"8m29s gap between calls (previous ended around 2026-10-01 09:24:28, next started 2026-10-01 09:33:24)",False
2026-10-01T12:37:06.394612+00:00,105,Zahra Batool,"8m19s gap between calls (previous ended around 2026-10-01 09:33:24, next started 2026-10-01 09:42:11)",False
2026-10-01T12:37:06.394612+00:00,105,Zahra Batool,"4m29s gap between calls (previous ended around 2026-10-01 09:44:50, next started 2026-10-01 09:50:27)",False
2026-10-01T12:37:06.394612+00:00,105,Zahra Batool,"14m54s gap between calls (previous ended around 2026-10-01 09:51:27, next started 2026-10-01 10:06:21)",False
2026-10-01T12:37:06.394612+00:00,105,Zahra Batool,"1m36s gap between calls (previous ended around 2026-10-01 10:06:21, next started 2026-10-01 10:09:54)",False
2026-10-01T12:37:06.394612+00:00,105,Zahra Batool,"1m09s gap between calls (previous ended around 2026-10-01 10:09:54, next started 2026-10-01 10:11:38)",False
2026-10-01T12:37:06.394612+00:00,105,Zahra Batool,"2m12s gap between calls (previous ended around 2026-10-01 10:11:38, next started 2026-10-01 10:17:09)",False
2026-10-01T12:37:06.394612+00:00,105,Zahra Batool,"3m42s gap between calls (previous ended around 2026-10-01 10:17:09, next started 2026-10-01 10:20:51)",False
2026-10-01T12:37:06.394612+00:00,105,Zahra Batool,"1m02s gap between calls (previous ended around 2026-10-01 10:20:51, next started 2026-10-01 10:21:53)",False
2026-10-01T12:37:06.394612+00:00,105,Zahra Batool,"1m46s gap between calls (previous ended around 2026-10-01 10:21:53, next started 2026-10-01 10:33:16)",False
2026-10-01T12:37:06.394612+00:00,105,Zahra Batool,"2m05s gap between calls (previous ended around 2026-10-01 10:33:16, next started 2026-10-01 10:38:47)",False
2026-10-01T12:37:06.394612+00:00,105,Zahra Batool,"1m16s gap between calls (previous ended around 2026-10-01 10:38:47, next started 2026-10-01 10:40:03)",False
2026-10-01T12:37:06.394612+00:00,105,Zahra Batool,"1m01s gap between calls (previous ended around 2026-10-01 10:46:43, next started 2026-10-01 10:49:45)",False
2026-10-01T12:37:06.394612+00:00,105,Zahra Batool,"2m05s gap between calls (previous ended around 2026-10-01 10:49:45, next started 2026-10-01 10:51:50)",False
2026-10-01T12:37:06.394612+00:00,105,Zahra Batool,"3m38s gap between calls (previous ended around 2026-10-01 10:54:51, next started 2026-10-01 11:04:27)",False
2026-10-01T12:37:06.394612+00:00,105,Zahra Batool,"20m38s gap between calls (previous ended around 2026-10-01 11:04:27, next started 2026-10-01 11:26:53)",False
2026-10-01T12:37:06.394612+00:00,105,Zahra Batool,"1m05s gap between calls (previous ended around 2026-10-01 11:26:53, next started 2026-10-01 11:27:58)",False
2026-10-01T12:37:06.394612+00:00,105,Zahra Batool,"3m41s gap between calls (previous ended around 2026-10-01 11:27:58, next started 2026-10-01 11:32:20)",False
2026-10-01T12:37:06.394612+00:00,105,Zahra Batool,"3m47s gap between calls (previous ended around 2026-10-01 11:32:20, next started 2026-10-01 11:43:36)",False
2026-10-01T12:37:06.394612+00:00,105,Zahra Batool,"5m01s gap between calls (previous ended around 2026-10-01 11:43:36, next started 2026-10-01 11:57:45)",False
2026-10-01T12:37:06.394612+00:00,105,Zahra Batool,"2m03s gap between calls (previous ended around 2026-10-01 11:57:45, next started 2026-10-01 12:12:09)",False
2026-10-01T12:37:06.394612+00:00,105,Zahra Batool,"1m51s gap between calls (previous ended around 2026-10-01 12:12:09, next started 2026-10-01 12:15:23)",False
2026-10-01T12:37:06.394612+00:00,105,Zahra Batool,"1m11s gap between calls (previous ended around 2026-10-01 12:16:19, next started 2026-10-01 12:19:14)",False
2026-10-01T12:37:06.394612+00:00,105,Zahra Batool,"4m30s gap between calls (previous ended around 2026-10-01 12:19:14, next started 2026-10-01 12:27:33)",False
2026-10-01T14:00:16.942573+00:00,100,Nadia Theuma,offline during shift hours with work still queued,True
2026-10-01T14:00:16.942573+00:00,101,Felice,offline during shift hours with work still queued,True
2026-10-01T14:00:16.942573+00:00,102,Giuseppe Papa,offline during shift hours with work still queued,True
2026-10-01T14:00:16.942573+00:00,103,Ali,offline during shift hours with work still queued,True
2026-10-01T14:00:16.942573+00:00,104,Hidayat Ullah,offline during shift hours with work still queued,True
2026-10-01T14:00:16.942573+00:00,105,Zahra Batool,offline during shift hours with work still queued,True
2026-10-01T14:00:16.942573+00:00,106,Meerab,offline during shift hours with work still queued,True
2026-10-01T14:00:16.942573+00:00,107,Gulelala Yousafzai,offline during shift hours with work still queued,True
2026-10-01T14:00:16.942573+00:00,108,Ivan,offline during shift hours with work still queued,True
2026-10-01T14:00:16.942573+00:00,109,Shahid Khan Usmani,offline during shift hours with work still queued,True
2026-10-01T14:00:16.942573+00:00,110,Muhammad Huzaifa,offline during shift hours with work still queued,True
2026-10-01T14:00:16.942573+00:00,111,Tanisha Imam,offline during shift hours with work still queued,True
2026-10-01T14:00:16.942573+00:00,112,Nazish Shabbir,offline during shift hours with work still queued,False
2026-10-01T14:00:16.942573+00:00,113,Saima Abbas,offline during shift hours with work still queued,False
2026-10-01T14:00:16.942573+00:00,117,Hamza Ali,offline during shift hours with work still queued,True
2026-10-01T14:00:16.942573+00:00,124,Daniya (AI dialer line),offline during shift hours with work still queued,True
2026-10-01T14:00:28.176540+00:00,105,Zahra Batool,"5m34s gap between calls (previous ended around 2026-10-01 12:36:30, next started 2026-10-01 12:42:04)",False
2026-10-01T14:00:28.176540+00:00,105,Zahra Batool,"6m02s gap between calls (previous ended around 2026-10-01 12:42:04, next started 2026-10-01 12:51:59)",False
2026-10-01T14:00:28.176540+00:00,105,Zahra Batool,"5m08s gap between calls (previous ended around 2026-10-01 12:53:00, next started 2026-10-01 13:01:06)",False
2026-10-01T14:00:28.176540+00:00,105,Zahra Batool,"6m03s gap between calls (previous ended around 2026-10-01 13:01:06, next started 2026-10-01 13:09:06)",False
2026-10-01T14:00:28.176540+00:00,105,Zahra Batool,"3m02s gap between calls (previous ended around 2026-10-01 13:14:42, next started 2026-10-01 13:17:44)",False
2026-10-01T14:00:28.176540+00:00,105,Zahra Batool,"1m06s gap between calls (previous ended around 2026-10-01 13:17:44, next started 2026-10-01 13:19:07)",False
2026-10-01T14:00:28.176540+00:00,105,Zahra Batool,"1m09s gap between calls (previous ended around 2026-10-01 13:19:56, next started 2026-10-01 13:21:33)",False
2026-10-01T14:00:28.176540+00:00,105,Zahra Batool,"1m03s gap between calls (previous ended around 2026-10-01 13:21:33, next started 2026-10-01 13:25:24)",False
2026-10-01T14:00:28.176540+00:00,105,Zahra Batool,"1m24s gap between calls (previous ended around 2026-10-01 13:25:24, next started 2026-10-01 13:26:48)",False
2026-10-01T14:00:28.176540+00:00,105,Zahra Batool,"13m45s gap between calls (previous ended around 2026-10-01 13:26:48, next started 2026-10-01 13:43:28)",False
2026-10-01T14:00:28.176540+00:00,105,Zahra Batool,"2m44s gap between calls (previous ended around 2026-10-01 13:43:28, next started 2026-10-01 13:54:36)",False
2026-10-01T14:00:28.176540+00:00,105,Zahra Batool,"1m08s gap between calls (previous ended around 2026-10-01 13:54:36, next started 2026-10-01 13:58:09)",False
2026-10-01T15:24:30.638952+00:00,100,Nadia Theuma,offline during shift hours with work still queued,True
2026-10-01T15:24:30.638952+00:00,101,Felice,offline during shift hours with work still queued,True
2026-10-01T15:24:30.638952+00:00,102,Giuseppe Papa,offline during shift hours with work still queued,True
2026-10-01T15:24:30.638952+00:00,103,Ali,offline during shift hours with work still queued,True
2026-10-01T15:24:30.638952+00:00,104,Hidayat Ullah,offline during shift hours with work still queued,True
2026-10-01T15:24:30.638952+00:00,105,Zahra Batool,offline during shift hours with work still queued,True
2026-10-01T15:24:30.638952+00:00,106,Meerab,offline during shift hours with work still queued,True
2026-10-01T15:24:30.638952+00:00,107,Gulelala Yousafzai,offline during shift hours with work still queued,True
2026-10-01T15:24:30.638952+00:00,108,Ivan,offline during shift hours with work still queued,True
2026-10-01T15:24:30.638952+00:00,109,Shahid Khan Usmani,offline during shift hours with work still queued,True
2026-10-01T15:24:30.638952+00:00,111,Tanisha Imam,offline during shift hours with work still queued,True
2026-10-01T15:24:30.638952+00:00,112,Nazish Shabbir,offline during shift hours with work still queued,False
2026-10-01T15:24:30.638952+00:00,113,Saima Abbas,offline during shift hours with work still queued,False
2026-10-01T15:24:30.638952+00:00,124,Daniya (AI dialer line),offline during shift hours with work still queued,True
2026-10-01T15:24:39.710730+00:00,105,Zahra Batool,"26m21s gap between calls (previous ended around 2026-10-01 14:01:34, next started 2026-10-01 14:37:36)",False
2026-10-02T07:07:24.824937+00:00,100,Nadia Theuma,offline during shift hours with work still queued,True
2026-10-02T07:07:24.824937+00:00,101,Felice,offline during shift hours with work still queued,True
2026-10-02T07:07:24.824937+00:00,102,Giuseppe Papa,offline during shift hours with work still queued,True
2026-10-02T07:07:24.824937+00:00,103,Ali,offline during shift hours with work still queued,True
2026-10-02T07:07:24.824937+00:00,104,Hidayat Ullah,offline during shift hours with work still queued,True
2026-10-02T07:07:24.824937+00:00,106,Meerab,offline during shift hours with work still queued,True
2026-10-02T07:07:24.824937+00:00,107,Gulelala Yousafzai,offline during shift hours with work still queued,True
2026-10-02T07:07:24.824937+00:00,108,Ivan,offline during shift hours with work still queued,True
2026-10-02T07:07:24.824937+00:00,109,Shahid Khan Usmani,offline during shift hours with work still queued,True
2026-10-02T07:07:24.824937+00:00,110,Muhammad Huzaifa,offline during shift hours with work still queued,True
2026-10-02T07:07:24.824937+00:00,111,Tanisha Imam,offline during shift hours with work still queued,True
2026-10-02T07:07:24.824937+00:00,112,Nazish Shabbir,offline during shift hours with work still queued,False
2026-10-02T07:07:24.824937+00:00,113,Saima Abbas,offline during shift hours with work still queued,False
2026-10-02T07:07:24.824937+00:00,117,Hamza Ali,offline during shift hours with work still queued,True
2026-10-02T07:07:24.824937+00:00,124,Daniya (AI dialer line),offline during shift hours with work still queued,True
2026-10-02T13:19:41.354164+00:00,101,Felice,offline during shift hours with work still queued,True
2026-10-02T13:19:41.354164+00:00,102,Giuseppe Papa,offline during shift hours with work still queued,True
2026-10-02T13:19:41.354164+00:00,103,Ali,offline during shift hours with work still queued,True
2026-10-02T13:19:41.354164+00:00,104,Hidayat Ullah,offline during shift hours with work still queued,True
2026-10-02T13:19:41.354164+00:00,105,Zahra Batool,no activity change for 15+ minutes with work still queued,True
2026-10-02T13:19:41.354164+00:00,106,Meerab,offline during shift hours with work still queued,True
2026-10-02T13:19:41.354164+00:00,107,Gulelala Yousafzai,offline during shift hours with work still queued,True
2026-10-02T13:19:41.354164+00:00,108,Ivan,offline during shift hours with work still queued,True
2026-10-02T13:19:41.354164+00:00,109,Shahid Khan Usmani,offline during shift hours with work still queued,True
2026-10-02T13:19:41.354164+00:00,110,Muhammad Huzaifa,no activity change for 15+ minutes with work still queued,True
2026-10-02T13:19:41.354164+00:00,111,Tanisha Imam,offline during shift hours with work still queued,True
2026-10-02T13:19:41.354164+00:00,112,Nazish Shabbir,offline during shift hours with work still queued,False
2026-10-02T13:19:41.354164+00:00,113,Saima Abbas,offline during shift hours with work still queued,False
2026-10-02T13:19:41.354164+00:00,117,Hamza Ali,offline during shift hours with work still queued,True
2026-10-02T13:19:41.354164+00:00,124,Daniya (AI dialer line),offline during shift hours with work still queued,True
2026-10-02T13:19:49.905860+00:00,102,Giuseppe Papa,"8m44s gap between calls (previous ended around 2026-10-02 11:30:27, next started 2026-10-02 11:41:10)",False
2026-10-02T13:19:49.905860+00:00,105,Zahra Batool,"133m30s gap between calls (previous ended around 2026-10-02 06:54:12, next started 2026-10-02 09:07:42)",False
2026-10-02T13:19:49.905860+00:00,105,Zahra Batool,"1m25s gap between calls (previous ended around 2026-10-02 09:07:42, next started 2026-10-02 09:11:15)",False
2026-10-02T13:19:49.905860+00:00,105,Zahra Batool,"1m12s gap between calls (previous ended around 2026-10-02 09:11:15, next started 2026-10-02 09:12:27)",False
2026-10-02T13:19:49.905860+00:00,105,Zahra Batool,"2m43s gap between calls (previous ended around 2026-10-02 09:12:27, next started 2026-10-02 09:18:39)",False
2026-10-02T13:19:49.905860+00:00,105,Zahra Batool,"4m29s gap between calls (previous ended around 2026-10-02 09:18:39, next started 2026-10-02 09:23:08)",False
2026-10-02T13:19:49.905860+00:00,105,Zahra Batool,"2m25s gap between calls (previous ended around 2026-10-02 09:23:08, next started 2026-10-02 09:25:47)",False
2026-10-02T13:19:49.905860+00:00,105,Zahra Batool,"4m42s gap between calls (previous ended around 2026-10-02 09:25:47, next started 2026-10-02 09:31:19)",False
2026-10-02T13:19:49.905860+00:00,105,Zahra Batool,"1m33s gap between calls (previous ended around 2026-10-02 09:31:33, next started 2026-10-02 09:33:06)",False
2026-10-02T13:19:49.905860+00:00,105,Zahra Batool,"5m52s gap between calls (previous ended around 2026-10-02 09:33:06, next started 2026-10-02 09:44:17)",False
2026-10-02T13:19:49.905860+00:00,105,Zahra Batool,"7m31s gap between calls (previous ended around 2026-10-02 09:44:17, next started 2026-10-02 09:53:20)",False
2026-10-02T13:19:49.905860+00:00,105,Zahra Batool,"2m47s gap between calls (previous ended around 2026-10-02 09:53:20, next started 2026-10-02 09:59:55)",False
2026-10-02T13:19:49.905860+00:00,105,Zahra Batool,"1m44s gap between calls (previous ended around 2026-10-02 10:01:37, next started 2026-10-02 10:03:21)",False
2026-10-02T13:19:49.905860+00:00,105,Zahra Batool,"1m31s gap between calls (previous ended around 2026-10-02 10:03:21, next started 2026-10-02 10:05:42)",False
2026-10-02T13:19:49.905860+00:00,105,Zahra Batool,"4m42s gap between calls (previous ended around 2026-10-02 10:05:42, next started 2026-10-02 10:11:35)",False
2026-10-02T13:19:49.905860+00:00,105,Zahra Batool,"5m49s gap between calls (previous ended around 2026-10-02 10:11:35, next started 2026-10-02 10:22:18)",False
2026-10-02T13:19:49.905860+00:00,105,Zahra Batool,"7m01s gap between calls (previous ended around 2026-10-02 10:29:05, next started 2026-10-02 10:38:08)",False
2026-10-02T13:19:49.905860+00:00,105,Zahra Batool,"1m36s gap between calls (previous ended around 2026-10-02 10:38:08, next started 2026-10-02 10:39:44)",False
2026-10-02T13:19:49.905860+00:00,105,Zahra Batool,"13m54s gap between calls (previous ended around 2026-10-02 10:39:44, next started 2026-10-02 10:55:57)",False
2026-10-02T13:19:49.905860+00:00,105,Zahra Batool,"2m53s gap between calls (previous ended around 2026-10-02 11:11:40, next started 2026-10-02 11:14:33)",False
2026-10-02T13:19:49.905860+00:00,105,Zahra Batool,"3m55s gap between calls (previous ended around 2026-10-02 11:15:37, next started 2026-10-02 11:19:32)",False
2026-10-02T13:19:49.905860+00:00,105,Zahra Batool,"1m02s gap between calls (previous ended around 2026-10-02 11:19:32, next started 2026-10-02 11:21:57)",False
2026-10-02T13:19:49.905860+00:00,105,Zahra Batool,"4m42s gap between calls (previous ended around 2026-10-02 11:21:57, next started 2026-10-02 11:26:39)",False
2026-10-02T13:19:49.905860+00:00,105,Zahra Batool,"22m02s gap between calls (previous ended around 2026-10-02 11:26:39, next started 2026-10-02 11:48:41)",False
2026-10-02T13:19:49.905860+00:00,105,Zahra Batool,"11m02s gap between calls (previous ended around 2026-10-02 11:48:41, next started 2026-10-02 12:01:35)",False
2026-10-02T13:19:49.905860+00:00,105,Zahra Batool,"4m10s gap between calls (previous ended around 2026-10-02 12:01:35, next started 2026-10-02 12:08:44)",False
2026-10-02T13:19:49.905860+00:00,105,Zahra Batool,"7m31s gap between calls (previous ended around 2026-10-02 12:08:44, next started 2026-10-02 12:24:09)",False
2026-10-02T13:19:49.905860+00:00,105,Zahra Batool,"3m06s gap between calls (previous ended around 2026-10-02 12:24:09, next started 2026-10-02 12:27:15)",False
2026-10-02T13:19:49.905860+00:00,105,Zahra Batool,"1m29s gap between calls (previous ended around 2026-10-02 12:27:15, next started 2026-10-02 12:29:24)",False
2026-10-02T13:19:49.905860+00:00,105,Zahra Batool,"1m26s gap between calls (previous ended around 2026-10-02 12:32:10, next started 2026-10-02 12:34:49)",False
2026-10-02T13:19:49.905860+00:00,105,Zahra Batool,"21m10s gap between calls (previous ended around 2026-10-02 12:34:49, next started 2026-10-02 12:56:54)",False
2026-10-02T13:19:49.905860+00:00,105,Zahra Batool,"4m34s gap between calls (previous ended around 2026-10-02 12:59:02, next started 2026-10-02 13:08:21)",False
2026-10-02T13:19:49.905860+00:00,105,Zahra Batool,"2m00s gap between calls (previous ended around 2026-10-02 13:08:36, next started 2026-10-02 13:10:36)",False
2026-10-02T13:19:49.905860+00:00,105,Zahra Batool,"2m42s gap between calls (previous ended around 2026-10-02 13:10:36, next started 2026-10-02 13:13:38)",False
2026-10-02T13:19:49.905860+00:00,105,Zahra Batool,"5m18s gap between calls (previous ended around 2026-10-02 13:13:38, next started 2026-10-02 13:18:56)",False
2026-10-02T13:19:49.905860+00:00,110,Muhammad Huzaifa,"3m25s gap between calls (previous ended around 2026-10-02 09:09:41, next started 2026-10-02 09:13:06)",False
2026-10-02T13:19:49.905860+00:00,110,Muhammad Huzaifa,"4m37s gap between calls (previous ended around 2026-10-02 09:13:06, next started 2026-10-02 09:17:43)",False
2026-10-02T13:19:49.905860+00:00,110,Muhammad Huzaifa,"29m18s gap between calls (previous ended around 2026-10-02 09:17:58, next started 2026-10-02 09:47:16)",False
2026-10-02T13:19:49.905860+00:00,110,Muhammad Huzaifa,"170m24s gap between calls (previous ended around 2026-10-02 09:48:03, next started 2026-10-02 12:38:27)",False
2026-10-02T13:19:49.905860+00:00,110,Muhammad Huzaifa,"11m49s gap between calls (previous ended around 2026-10-02 12:38:27, next started 2026-10-02 12:50:16)",False
2026-10-02T13:19:49.905860+00:00,110,Muhammad Huzaifa,"8m13s gap between calls (previous ended around 2026-10-02 12:50:26, next started 2026-10-02 12:58:39)",False
