extension,manager,last_status,last_online_at,last_alert_at
100,Nadia Theuma,true,2026-10-02T13:19:41.354164+00:00,2026-10-02T07:07:24.824937+00:00
101,Felice,false,,2026-10-02T13:19:41.354164+00:00
102,Giuseppe Papa,false,2026-10-01T11:44:14.915058+00:00,2026-10-02T13:19:41.354164+00:00
108,Ivan,false,,2026-10-02T13:19:41.354164+00:00
110,Muhammad Huzaifa,true,2026-10-02T13:19:41.354164+00:00,2026-10-02T13:19:41.354164+00:00
117,Hamza Ali,false,2026-10-01T15:25:10.012800+00:00,2026-10-02T13:19:41.354164+00:00
124,Daniya (AI dialer line),false,,2026-10-02T13:19:41.354164+00:00
103,Ali,false,,2026-10-02T13:19:41.354164+00:00
104,Hidayat Ullah,false,,2026-10-02T13:19:41.354164+00:00
105,Zahra Batool,true,2026-10-02T13:19:41.354164+00:00,2026-10-02T13:19:41.354164+00:00
106,Meerab,false,,2026-10-02T13:19:41.354164+00:00
107,Gulelala Yousafzai,false,,2026-10-02T13:19:41.354164+00:00
109,Shahid Khan Usmani,false,,2026-10-02T13:19:41.354164+00:00
111,Tanisha Imam,false,,2026-10-02T13:19:41.354164+00:00
112,Nazish Shabbir,false,,2026-10-02T13:19:41.354164+00:00
113,Saima Abbas,false,,2026-10-02T13:19:41.354164+00:00
